[
{
  "model": "sessions.session",
  "pk": "012uqfij0rtvhw4359j3edueachnubgc",
  "fields": {
    "session_data": ".eJxVjEEOwiAQRe_C2pAyFJlx6b5nIANDpWpoUtqV8e7apAvd_vfef6nA21rC1vISJlEXBaROv2Pk9Mh1J3Lnept1muu6TFHvij5o08Ms-Xk93L-Dwq18a4uEfozZpYRoqRMDPYkhJIgJ2ItNxGh6h93ZsgcDo2FiixxRnM3q_QH1VTeP:1vnEOQ:THqiXass8Gc9kly_K4JMolIvi3ZbBwLyii9pHJ_mjFo",
    "expire_date": "2026-02-17T11:16:26Z"
  }
},
{
  "model": "sessions.session",
  "pk": "01kvnggd99ehdv5dltqmr5ix7v6otvrq",
  "fields": {
    "session_data": ".eJxVjEEOwiAQAP_C2RCwZpf16N03kIUFqRqalPbU-HdL0oNeZyazKc_rUvza0uxHUVd1JnX6hYHjK9Vu5Mn1Mek41WUeg-6JPmzT90nS-3a0f4PCrfRvioYHQZsQMRgylJ1ztBMEA5AR3D7LcBkgoSXLkilQziZKsFac-nwB_-s4MA:1vnar7:5wbX_JlIMynhTDM35FwoBSZKNgZb9N0RcUfQDm5NUQI",
    "expire_date": "2026-02-18T11:15:33Z"
  }
},
{
  "model": "sessions.session",
  "pk": "0c83515ffbh6bwzosid4v9bt92tjgkct",
  "fields": {
    "session_data": ".eJxVjDsOwjAQBe_iGllZfxKbkp4zRLveNQ4gR4qTCnF3iJQC2jcz76VG3NYybk2WcWJ1Vk6dfjfC9JC6A75jvc06zXVdJtK7og_a9HVmeV4O9--gYCvfGg33oSMD4AcQoNT5aCx7CSEOAwSiZC1bQJfBWes4ImXM5MX1nrOo9wfNbzf6:1vnG4M:rnnJJ1NOzc_KgxI_rMUz_UBUcMfta5B3CROJcfci0vs",
    "expire_date": "2026-02-17T13:03:50Z"
  }
},
{
  "model": "sessions.session",
  "pk": "0cc5b7871v0ib1jsih35j9uy8hntmvte",
  "fields": {
    "session_data": ".eJxVjEEOwiAQRe_C2hChA4JL9z0DmYFBqgaS0q6MdzckXej2v_f-WwTctxL2zmtYkrgKbcXpdySMT66DpAfWe5Ox1W1dSA5FHrTLuSV-3Q7376BgL6MGjJkVkVGULj65cwbtLTlk0MyUjfLJe7TIk8kKnNYGJiAblTJm8uLzBTPGOD8:1vh13K:EW7Fw25sN7s2Aa8wKeSW1_-BmfbkbMd_LHmc0x9502k",
    "expire_date": "2026-01-31T07:48:58Z"
  }
},
{
  "model": "sessions.session",
  "pk": "0jg3tzgek67admip39d80lh0g8lrhw4c",
  "fields": {
    "session_data": ".eJxVjEEOwiAQRe_C2hBKhQGX7nsGMjCMVA0kpV0Z765NutDtf-_9lwi4rSVsPS9hJnERgxOn3zFieuS6E7pjvTWZWl2XOcpdkQftcmqUn9fD_Tso2Mu3jpacQxjSyFEhez3yGWBkxVqzskaBAes9qWy08UklipmMRYaYwIET7w8KiTgj:1vck6A:1oldckVVuu0IeyEMKC8kGEABd_6CZiyRffwz9E5RrB8",
    "expire_date": "2026-01-19T12:54:14Z"
  }
},
{
  "model": "sessions.session",
  "pk": "0wuwip5b9lsb3b8farjp8p0idf6e47vm",
  "fields": {
    "session_data": ".eJxVjEEOgjAQRe_StWna0nHApXvOQGY6U4saSCisjHdXEha6_e-9_zIDbWsZtqrLMIq5mGhOvxtTeui0A7nTdJttmqd1Gdnuij1otf0s-rwe7t9BoVq-dYBWQyMIMUc4e3GcITtOrSBDElBwSp1jJkYXIlGHDpuGMPvgMbfm_QHqHzf4:1vnEOF:20OEYQ5hvAO0PoPZcBGmUezBzEJ0sIHC8LnfxtYPIWQ",
    "expire_date": "2026-02-17T11:16:15Z"
  }
},
{
  "model": "sessions.session",
  "pk": "0ynpwqi9jgiark4lkjd3zkdsa2rt6cjn",
  "fields": {
    "session_data": ".eJxVjDsOwjAQBe_iGllZfxKbkp4zRLveNQ4gR4qTCnF3iJQC2jcz76VG3NYybk2WcWJ1Vk6dfjfC9JC6A75jvc06zXVdJtK7og_a9HVmeV4O9--gYCvfGg33oSMD4AcQoNT5aCx7CSEOAwSiZC1bQJfBWes4ImXM5MX1nrOo9wfNbzf6:1voln1:WPGECWjf7E-cT17bZrntudWP3AfmumJ_6mN_f58VKyw",
    "expire_date": "2026-02-21T17:08:11Z"
  }
},
{
  "model": "sessions.session",
  "pk": "105wigkadl2ywpevobxgqjf9myburk3r",
  "fields": {
    "session_data": ".eJxVjMsOwiAQRf-FtSHA8NKl-34DGRiQqoGktCvjv2uTLnR7zzn3xQJuaw3byEuYiV2YZqffLWJ65LYDumO7dZ56W5c58l3hBx186pSf18P9O6g46rf2EoUBQTZZVE5KUDZJJ87aCOuiNDlR9BF0MRYQsBQF3vhCsuQCjjJ7fwC7Qjeb:1vnFoT:CfH3uFmOUAT2pLjWYb0Ok7OdtcbymOl3QFhk5wnzDJI",
    "expire_date": "2026-02-17T12:47:25Z"
  }
},
{
  "model": "sessions.session",
  "pk": "10e1y4yl3moz6udr2vhp8ba5m1n6xaac",
  "fields": {
    "session_data": ".eJxVjEsOwjAMBe-SNYqM66YNS_Y9QxQ7LimgROpnhbg7VOoCtm9m3suEuK05bIvOYUrmYsicfjeO8tCyg3SP5Vat1LLOE9tdsQdd7FCTPq-H-3eQ45K_dYQeoVVEjnRuHCi6PnkAwQag7Ub24tmxCnlSPzKJjB04T4ikymTeH8kaN5g:1vh1ln:cM8SChN22ZrwJqTREsSgOxuApGl4BFpeZMQOckfMaCw",
    "expire_date": "2026-01-31T08:34:55Z"
  }
},
{
  "model": "sessions.session",
  "pk": "14xlmlmu99scmi5e4b4jpt3xf4eal0s3",
  "fields": {
    "session_data": ".eJxVjsEOwiAQRP-FsyErpbT06N1vIOyytagBA22iMf671vSg13lvJvMUzi_z5JbKxcUgBqHF7jdDTxdOKwhnn05ZUk5ziShXRW60ymMOfD1s7t_A5Ov0aXvoFbSsFHq9bwywMn2wAKQagLYb0ZJFg0zaarYjaqKxA2O1UpoZv68q1xpzcny_xfIQA7zea1A-1Q:1vcho8:HUgHSRVO5ibFEIYLi7XsVYm9b7vTlC9SVVJGKyztG1I",
    "expire_date": "2026-01-19T10:27:28Z"
  }
},
{
  "model": "sessions.session",
  "pk": "150yodqhiwlryy845tlcjktwy7py8lip",
  "fields": {
    "session_data": ".eJxVjEEOwiAQRe_C2hBKhQGX7nsGMjCMVA0kpV0Z765NutDtf-_9lwi4rSVsPS9hJnERgxOn3zFieuS6E7pjvTWZWl2XOcpdkQftcmqUn9fD_Tso2Mu3jpacQxjSyFEhez3yGWBkxVqzskaBAes9qWy08UklipmMRYaYwIET7w8KiTgj:1vd24M:i91gvkQGFQSP24Byw7s8i9uBkb6rm3Y1wFqsKse5jnk",
    "expire_date": "2026-01-20T08:05:34Z"
  }
},
{
  "model": "sessions.session",
  "pk": "1h3xccnecg47f5omrbzdrikwuci85cfn",
  "fields": {
    "session_data": ".eJxVjDsOwjAQBe_iGllZfxKbkp4zRLveNQ4gR4qTCnF3iJQC2jcz76VG3NYybk2WcWJ1Vk6dfjfC9JC6A75jvc06zXVdJtK7og_a9HVmeV4O9--gYCvfGg33oSMD4AcQoNT5aCx7CSEOAwSiZC1bQJfBWes4ImXM5MX1nrOo9wfNbzf6:1volit:Nr_PTGhfia6ZVmbaeSaeoktogUm2ZmLUmuGFCOfqlOA",
    "expire_date": "2026-02-21T17:03:55Z"
  }
},
{
  "model": "sessions.session",
  "pk": "21iv3lprws6spnchyn5esiy2bd6wnqgy",
  "fields": {
    "session_data": ".eJxVjEEOwiAQRe_C2hCowxRcuu8ZyMBMpWpoUtqV8e7apAvd_vfef6lI21ri1mSJE6uLAnX63RLlh9Qd8J3qbdZ5rusyJb0r-qBNDzPL83q4fweFWvnWiEgWXUJmK1589uBcYH8Gh6mzIsF2CUaBgGg8A4zZCPTBk0FrelbvD9DpNzA:1vnE0R:cS__5FM0WbKM9Nhhp46LX_X9Nz9ca4xBGsRDw38rTYI",
    "expire_date": "2026-02-17T10:51:39Z"
  }
},
{
  "model": "sessions.session",
  "pk": "23bq6qxvhhofn2w3d0dc8zwgsmi7kl6l",
  "fields": {
    "session_data": "e30:1vodhK:ULuEeBHJL6jInPagtLlH4EZsAU-RJ6b3LetjTQdXSVE",
    "expire_date": "2026-02-21T08:29:46Z"
  }
},
{
  "model": "sessions.session",
  "pk": "2fcvehmjfxlyywkjb0ilv29obn5fq0h2",
  "fields": {
    "session_data": ".eJxVjsEOwiAQRP-FsyErpbT06N1vIOyytagBA22iMf671vSg13lvJvMUzi_z5JbKxcUgBqHF7jdDTxdOKwhnn05ZUk5ziShXRW60ymMOfD1s7t_A5Ov0aXvoFbSsFHq9bwywMn2wAKQagLYb0ZJFg0zaarYjaqKxA2O1UpoZv68q1xpzcny_xfIQA7zea1A-1Q:1vcfrz:7ATR-vqR80XSeEZFyQDVkn4P-iM_EiPs2niA5Lx69DA",
    "expire_date": "2026-01-19T08:23:19Z"
  }
},
{
  "model": "sessions.session",
  "pk": "2ghykresylkl6rh0voab8uvh2b5cpp69",
  "fields": {
    "session_data": ".eJxVjEEOwiAQRe_C2pABSodx6d4zEBioVA0kpV0Z765NutDtf-_9l_BhW4vfel78nMRZOHH63WLgR647SPdQb01yq-syR7kr8qBdXlvKz8vh_h2U0Mu3NoGUsgNhdIoIeAoaI6BFinowCWxWDIjsNINVFK3CydGYAFIeDRvx_gC2jTa8:1vcj7r:wfDahji7GnQgD-FSHHsmRM4X-SPsFGRsRBgtSKrQeLY",
    "expire_date": "2026-01-19T11:51:55Z"
  }
},
{
  "model": "sessions.session",
  "pk": "2qbxysfwx3w2lllzinrquq7jx0sqtyt6",
  "fields": {
    "session_data": ".eJxVjEEOgjAQRe_StWlKmcLUpXvP0Mx0poIaSCisjHdXEha6_e-9_zKJtnVIW9UljWLOxkdz-h2Z8kOnncidptts8zyty8h2V-xBq73Oos_L4f4dDFSHb41FQuNRIYAKOc7QBOyK7zn2wYEgFocMElp2PWaPETol1yo7gqiNeX8AAEw3tQ:1vnCa3:hFvfmo-xBIfa_B19IxX8yabu4U_l0n9waADwfR-6Ndw",
    "expire_date": "2026-02-17T09:20:19Z"
  }
},
{
  "model": "sessions.session",
  "pk": "3c1gbtuws0ebbf6vsh2lmghk4qfvuu61",
  "fields": {
    "session_data": ".eJxVjEEOwiAQRe_C2hBKhQGX7nsGMjCMVA0kpV0Z765NutDtf-_9lwi4rSVsPS9hJnERgxOn3zFieuS6E7pjvTWZWl2XOcpdkQftcmqUn9fD_Tso2Mu3jpacQxjSyFEhez3yGWBkxVqzskaBAes9qWy08UklipmMRYaYwIET7w8KiTgj:1vd2FP:hOmbgVsSFlVNupdD_qxC8mQYuvRdAbDEOqjG6_eX0Z0",
    "expire_date": "2026-01-20T08:16:59Z"
  }
},
{
  "model": "sessions.session",
  "pk": "46cl0d50vepvb7w6j48lyli3wduro12g",
  "fields": {
    "session_data": ".eJxVjMsOgjAQRf-la9PQju1Ql-75BjKPYlEDCYWV8d-VhIVu7znnvkxP21r6realH9VczNmcfjcmeeRpB3qn6TZbmad1Gdnuij1otd2s-Xk93L-DQrV8a9EgyTfArtEAjNI25CUFdJFSSqhAGDkr8RABhFNsAcV5BB3Q-WzeH-OtN9k:1vnEGl:gw6PuDmgFWkNj_PGeBALQZQYp5VjRpeAs56EEEE8fRI",
    "expire_date": "2026-02-17T11:08:31Z"
  }
},
{
  "model": "sessions.session",
  "pk": "4bhum2qq61r6k3l1dc9d5916rdznwe7a",
  "fields": {
    "session_data": ".eJxVjDsOwjAQBe_iGllee_GHkj5nsNbZNQ6gRMqnQtwdIqWA9s3Me6lM29rytsicB1YXher0uxXqHzLugO803ibdT-M6D0Xvij7ooruJ5Xk93L-DRkv71nJmTkC2AkJxxkexjCWCS4wh-WoDRTQeDDjXk5XqTBE0CLbW6nxQ7w_RRzc0:1vcdHO:TnF8BoWeWfZEsZT_55xr4_w9SR2cjUNUSvrRlFB1zc0",
    "expire_date": "2026-01-19T05:37:22Z"
  }
},
{
  "model": "sessions.session",
  "pk": "4l2qp3gzt5d5n127zlqwk1x9b1tchfen",
  "fields": {
    "session_data": ".eJxVjDsOwjAQBe_iGllZfxKbkp4zRLveNQ4gR4qTCnF3iJQC2jcz76VG3NYybk2WcWJ1Vk6dfjfC9JC6A75jvc06zXVdJtK7og_a9HVmeV4O9--gYCvfGg33oSMD4AcQoNT5aCx7CSEOAwSiZC1bQJfBWes4ImXM5MX1nrOo9wfNbzf6:1vnG3j:VQ25KOx3cYyo8x-VmXSmNyPDuax7HkTgOdOCubdPVPw",
    "expire_date": "2026-02-17T13:03:11Z"
  }
},
{
  "model": "sessions.session",
  "pk": "527bjvma9dhyc2p4mpvjnzs4jp1xnrth",
  "fields": {
    "session_data": ".eJxVjDsOwjAQBe_iGln-b0xJzxmstXeDA8iR4qRC3B0ipYD2zcx7iYTbWtPWeUkTibNw4vS7ZSwPbjugO7bbLMvc1mXKclfkQbu8zsTPy-H-HVTs9VuzHth40Aw628KKMungrY2MEb0PhUm7MioKBF4pRzECBDOCdTabQYn3B-efN3g:1vnF8u:nG2mWGwn9fN79HVG4JX6NPRd5yghdRiJaTh8vSHJgk0",
    "expire_date": "2026-02-17T12:04:28Z"
  }
},
{
  "model": "sessions.session",
  "pk": "5bjvdows8k38ykb9acn0ewejs4m62t7k",
  "fields": {
    "session_data": ".eJxVjEEOgjAQRe_StWmmzJSpLt1zBtJpB4saSCisjHdXEha6_e-9_zJ93NbSb1WXfszmYtCZ0-8oMT102km-x-k22zRP6zKK3RV70Gq7Oevzerh_ByXW8q29Y2ZkElQNQiIYYmhYhnMCzkEzgA_swQ2AbTOoTyREDG0kYMJs3h_yODdH:1vnbtu:CPasMGu4_kOkuccWo6n0AF7a6GD70QJKQAcf-RXuk_o",
    "expire_date": "2026-02-18T12:22:30Z"
  }
},
{
  "model": "sessions.session",
  "pk": "5ivfq3zth0fxoxtmqtg8kz8xrayelo8g",
  "fields": {
    "session_data": ".eJxVjMsOwiAQRf-FtSFYHgMu3fcbCAMztmogKe3K-O_apAvd3nPOfYmYtnWKW6clzkVchAZx-h0x5QfVnZR7qrcmc6vrMqPcFXnQLsdW6Hk93L-DKfXpWxsgsF4zD5aQBkfAqBxnr3WgobiEYKiozO5cvDGEwbJFAJW0JQ5KvD8jNji3:1vog8G:AUpEirbqGEksk5GMDp4C3zR_5u0eeUhN4lA5UfKbDZg",
    "expire_date": "2026-02-21T11:05:44Z"
  }
},
{
  "model": "sessions.session",
  "pk": "5jaz3eln4mbvzxih0hxen8cjeyd9kfwj",
  "fields": {
    "session_data": ".eJxVjEEOwiAQRe_C2hBKhQGX7nsGMjCMVA0kpV0Z765NutDtf-_9lwi4rSVsPS9hJnERgxOn3zFieuS6E7pjvTWZWl2XOcpdkQftcmqUn9fD_Tso2Mu3jpacQxjSyFEhez3yGWBkxVqzskaBAes9qWy08UklipmMRYaYwIET7w8KiTgj:1vd2CH:oV2KECX4HysL1jxUHpuNxjQ863bPx7ZIlQ5qo2-jByQ",
    "expire_date": "2026-01-20T08:13:45Z"
  }
},
{
  "model": "sessions.session",
  "pk": "5mqvsu2eyynvxesmj530yyt546vevf1f",
  "fields": {
    "session_data": ".eJxVjEEOwiAQRe_C2pABSodx6d4zEBioVA0kpV0Z765NutDtf-_9l_BhW4vfel78nMRZOHH63WLgR647SPdQb01yq-syR7kr8qBdXlvKz8vh_h2U0Mu3NoGUsgNhdIoIeAoaI6BFinowCWxWDIjsNINVFK3CydGYAFIeDRvx_gC2jTa8:1vciqX:RWTBsCTirrTetxt7fnBwC7Xl9hM-pkzQmBz7Qb8DPX4",
    "expire_date": "2026-01-19T11:34:01Z"
  }
},
{
  "model": "sessions.session",
  "pk": "5qey1n34cvcvlzfboxfwk6eex7ipbfij",
  "fields": {
    "session_data": ".eJxVjsEOwiAQRP-FsyErpbT06N1vIOyytagBA22iMf671vSg13lvJvMUzi_z5JbKxcUgBqHF7jdDTxdOKwhnn05ZUk5ziShXRW60ymMOfD1s7t_A5Ov0aXvoFbSsFHq9bwywMn2wAKQagLYb0ZJFg0zaarYjaqKxA2O1UpoZv68q1xpzcny_xfIQA7zea1A-1Q:1vd5yn:yY2hq9uGm0vjcI7tX5x6yKX4-FD7ZRKuDtWw0OBAimM",
    "expire_date": "2026-01-20T12:16:05Z"
  }
},
{
  "model": "sessions.session",
  "pk": "5sta8e9jsdhwdf8b6uyhlpddj10kilav",
  "fields": {
    "session_data": ".eJxVjsEOwiAQRP-FsyErpbT06N1vIOyytagBA22iMf671vSg13lvJvMUzi_z5JbKxcUgBqHF7jdDTxdOKwhnn05ZUk5ziShXRW60ymMOfD1s7t_A5Ov0aXvoFbSsFHq9bwywMn2wAKQagLYb0ZJFg0zaarYjaqKxA2O1UpoZv68q1xpzcny_xfIQA7zea1A-1Q:1vciuw:B-3qrPrtMJWKzmAszj0h0FCmSGTtGekcvWTBItt_TYY",
    "expire_date": "2026-01-19T11:38:34Z"
  }
},
{
  "model": "sessions.session",
  "pk": "5yswaunx9ndc96tkfz6lpnpyxjktpwb6",
  "fields": {
    "session_data": ".eJxVjMsOwiAQRf-FtSFYHgMu3fcbCAMztmogKe3K-O_apAvd3nPOfYmYtnWKW6clzkVchAZx-h0x5QfVnZR7qrcmc6vrMqPcFXnQLsdW6Hk93L-DKfXpWxsgsF4zD5aQBkfAqBxnr3WgobiEYKiozO5cvDGEwbJFAJW0JQ5KvD8jNji3:1vog7g:icNU-axCN83giRpzMMJB6-kSmG_TieppJgsrIqojdbQ",
    "expire_date": "2026-02-21T11:05:08Z"
  }
},
{
  "model": "sessions.session",
  "pk": "6bw74w5kqfuizajkpdalv2d9kmnaezb5",
  "fields": {
    "session_data": ".eJxVjEEOgjAQRe_StWlKmcLUpXvP0Mx0poIaSCisjHdXEha6_e-9_zKJtnVIW9UljWLOxkdz-h2Z8kOnncidptts8zyty8h2V-xBq73Oos_L4f4dDFSHb41FQuNRIYAKOc7QBOyK7zn2wYEgFocMElp2PWaPETol1yo7gqiNeX8AAEw3tQ:1vnCZT:QmHMuK9ZDsFlx5fhwuR9pKaGytip6PdB62eEN6pi5D8",
    "expire_date": "2026-02-17T09:19:43Z"
  }
},
{
  "model": "sessions.session",
  "pk": "6yrvu58pufh21fe3jsdvhe8hpk4i7aia",
  "fields": {
    "session_data": ".eJxVjDsOwjAQBe_iGllZfxKbkp4zRLveNQ4gR4qTCnF3iJQC2jcz76VG3NYybk2WcWJ1Vk6dfjfC9JC6A75jvc06zXVdJtK7og_a9HVmeV4O9--gYCvfGg33oSMD4AcQoNT5aCx7CSEOAwSiZC1bQJfBWes4ImXM5MX1nrOo9wfNbzf6:1volgh:txwWhc3_keLULGWYqEnHSRYhm78mYtQBzL4NgYQP9rI",
    "expire_date": "2026-02-21T17:01:39Z"
  }
},
{
  "model": "sessions.session",
  "pk": "7el4z99j7ldrklgnjl704kp4ofp2oyhk",
  "fields": {
    "session_data": ".eJxVjMsOwiAQRf-FtSFleBRcuu83kGEYpWogKe3K-O_apAvd3nPOfYmI21ri1nmJcxZnYcTpd0tID647yHestyap1XWZk9wVedAup5b5eTncv4OCvXxrayl575GTHlXyijTTQAoUDBYcaCRWBi1aYuNc0Bm0v2K2AN6NIZB4fwDb-Ddr:1vnEz9:6yhL6dBh97GvaQJwJ0vrVaA-4Xn_YdoRofiD4jke4sc",
    "expire_date": "2026-02-17T11:54:23Z"
  }
},
{
  "model": "sessions.session",
  "pk": "7g34n34i7u4toxuon3b7hrasq6i9nhu4",
  "fields": {
    "session_data": ".eJxVjMsOwiAURP-FtSFwizxcuu83EC4XpGogKe3K-O9K0oUuZ86ZeTEf9q34vafVL8QuTLHTb4chPlIdgO6h3hqPrW7rgnwo_KCdz43S83q4fwcl9DLWGQ2qKBwEkBmkImG_KUdH1hghZYRkstNnmwkRzATGaWEl6jgBSWLvD-esN6U:1vnE2f:s8S1qiglrjns5hPqXNXu4Fw0acqQVk0y2gLVLfaZjmM",
    "expire_date": "2026-02-17T10:53:57Z"
  }
},
{
  "model": "sessions.session",
  "pk": "7mbwthy6ewu12vduy0rw1hl9n5bk9us7",
  "fields": {
    "session_data": ".eJxVjEEOwiAQRe_C2hBKhQGX7nsGMjCMVA0kpV0Z765NutDtf-_9lwi4rSVsPS9hJnERgxOn3zFieuS6E7pjvTWZWl2XOcpdkQftcmqUn9fD_Tso2Mu3jpacQxjSyFEhez3yGWBkxVqzskaBAes9qWy08UklipmMRYaYwIET7w8KiTgj:1vd25V:lwAARVsq0jeUexoETXEd_2is237tGTx_GzFr3jfrs1A",
    "expire_date": "2026-01-20T08:06:45Z"
  }
},
{
  "model": "sessions.session",
  "pk": "8ebfvngmviyzxjc5r8ms8xbk40vh3978",
  "fields": {
    "session_data": ".eJxVjDsOwjAQBe_iGllZfxKbkp4zRLveNQ4gR4qTCnF3iJQC2jcz76VG3NYybk2WcWJ1Vk6dfjfC9JC6A75jvc06zXVdJtK7og_a9HVmeV4O9--gYCvfGg33oSMD4AcQoNT5aCx7CSEOAwSiZC1bQJfBWes4ImXM5MX1nrOo9wfNbzf6:1volrr:bDsT5jhZOEscSrIUf6yiuIzODTIoE1KwLolcQwOr6UY",
    "expire_date": "2026-02-21T17:13:11Z"
  }
},
{
  "model": "sessions.session",
  "pk": "8kqugu6c7qqmz0czeht4w1gd72ue8y86",
  "fields": {
    "session_data": ".eJxVjEEOwiAQRe_C2pABSodx6d4zEBioVA0kpV0Z765NutDtf-_9l_BhW4vfel78nMRZOHH63WLgR647SPdQb01yq-syR7kr8qBdXlvKz8vh_h2U0Mu3NoGUsgNhdIoIeAoaI6BFinowCWxWDIjsNINVFK3CydGYAFIeDRvx_gC2jTa8:1vciow:OtRC5FQvY0jHPfO07F16QCrC690aVNbxXunMOMPRIwM",
    "expire_date": "2026-01-19T11:32:22Z"
  }
},
{
  "model": "sessions.session",
  "pk": "8mc6cq87hc8uigwydqqizeywn8f0scck",
  "fields": {
    "session_data": ".eJxVjEEOgjAQRe_StWlKmcLUpXvP0Mx0poIaSCisjHdXEha6_e-9_zKJtnVIW9UljWLOxkdz-h2Z8kOnncidptts8zyty8h2V-xBq73Oos_L4f4dDFSHb41FQuNRIYAKOc7QBOyK7zn2wYEgFocMElp2PWaPETol1yo7gqiNeX8AAEw3tQ:1vnEAR:ORvWjRabB8MndvZCWjA0S9-zJUPrgTFiKpxr-NTpHrI",
    "expire_date": "2026-02-17T11:01:59Z"
  }
},
{
  "model": "sessions.session",
  "pk": "8ywmgaxxrks2bl86rdqqjizkxyqb5b5f",
  "fields": {
    "session_data": ".eJxVjEEOwiAQRe_C2hBKhQGX7nsGMjCMVA0kpV0Z765NutDtf-_9lwi4rSVsPS9hJnERgxOn3zFieuS6E7pjvTWZWl2XOcpdkQftcmqUn9fD_Tso2Mu3jpacQxjSyFEhez3yGWBkxVqzskaBAes9qWy08UklipmMRYaYwIET7w8KiTgj:1vd2El:lO8GKDF7POsbTgaHQQ6DU78rnCflS6ozlcxTuZUwv0A",
    "expire_date": "2026-01-20T08:16:19Z"
  }
},
{
  "model": "sessions.session",
  "pk": "8zx30myxy5dxt2b2jozlo206zw3kfc98",
  "fields": {
    "session_data": ".eJxVjEEOwiAURO_C2pDPByq4dO8ZCPBBqgaS0q6Md5cmXWhmN-_NvJnz21rc1tPiZmIXhoqdfsvg4zPVndDD13vjsdV1mQPfFX7Qzm-N0ut6uH8Hxfcy1jkmSUKDNCaDPJto7JR8iDmTRJXtRAgGg4aEAiUMqIUFpbW1Wo2wzxcE7zb5:1vnWdO:doTHx1GoEpZr5H2pRhy75iPFSfyE8GNre96R4GHSQuI",
    "expire_date": "2026-02-18T06:45:06Z"
  }
},
{
  "model": "sessions.session",
  "pk": "95u7sbhpxnuiflw91hp3uw3rt8xgce6y",
  "fields": {
    "session_data": ".eJxVjDsOwyAQBe9CHSGwYYGU6X0GaxeW4CQCyZ8qyt1jSy6S9s3Me4sRt7WM28LzOCVxFT2Iy-9IGJ9cD5IeWO9NxlbXeSJ5KPKkixxa4tftdP8OCi5lrzM4Y5lSCL5H1kDkkZkCejZRWWfJGU2QMQOyBYsEQWkIHcEuqk58viyyOKk:1vog7M:mwGYNFKt9AX4kDZ5QLh2k-qHdG121IVDI-FL6xRDOOE",
    "expire_date": "2026-02-21T11:04:48Z"
  }
},
{
  "model": "sessions.session",
  "pk": "9lhp1qktt8ivlhp5zuzj4lxew5k70a1y",
  "fields": {
    "session_data": ".eJxVjsEOwiAQRP-FsyErpbT06N1vIOyytagBA22iMf671vSg13lvJvMUzi_z5JbKxcUgBqHF7jdDTxdOKwhnn05ZUk5ziShXRW60ymMOfD1s7t_A5Ov0aXvoFbSsFHq9bwywMn2wAKQagLYb0ZJFg0zaarYjaqKxA2O1UpoZv68q1xpzcny_xfIQA7zea1A-1Q:1vchnH:Sw3eRcJxDCsMhuqZkf2Nk1Jeb3bZ1Z_A6iPzbJeADTw",
    "expire_date": "2026-01-19T10:26:35Z"
  }
},
{
  "model": "sessions.session",
  "pk": "9piy7hxsyy8ixx4hy6vtvmok1isi6zj7",
  "fields": {
    "session_data": ".eJxVjEsOAiEQBe_C2hAaaWBcup8zEKAbGTWQzGdlvLtOMgvdvqp6LxHittawLTyHicRFaCNOv2OK-cFtJ3SP7dZl7m2dpyR3RR50kWMnfl4P9--gxqV-ayDUqJw2iBazNuRAD4Y8F1cAoWT2jjWYkhWpARnQ2XOy0aTiwQ8k3h_eZTdW:1vnWPX:gLg2z6Z-fqWti4oOQU1mvJxgKW1Y3sChJgeEaR5Vvsc",
    "expire_date": "2026-02-18T06:30:47Z"
  }
},
{
  "model": "sessions.session",
  "pk": "a0fqwdnlkq9wiwih8zqdry2mvanjby4n",
  "fields": {
    "session_data": ".eJxVjDsOwjAQBe_iGllee_GHkj5nsNbZNQ6gRMqnQtwdIqWA9s3Me6lM29rytsicB1YXher0uxXqHzLugO803ibdT-M6D0Xvij7ooruJ5Xk93L-DRkv71nJmTkC2AkJxxkexjCWCS4wh-WoDRTQeDDjXk5XqTBE0CLbW6nxQ7w_RRzc0:1vcdDW:MfJmRqWwHZgFP9C6aUJRBXxkNLDt5Oatxl4BwBm3cnk",
    "expire_date": "2026-01-19T05:33:22Z"
  }
},
{
  "model": "sessions.session",
  "pk": "a45ugoviirloc9wkaa6dm1gx32g4p98r",
  "fields": {
    "session_data": ".eJxVjEEOwiAQRe_C2pCxWCgu3XsGMtMZLGrAlDbRGO9um3Sh2_f-f28VcJ6GMFcZQ2J1VKZRu19I2N8kr4avmC9F9yVPYyK9TvRmqz4Xlvtp2_4FBqzD8rbo9hwJWnIW2sY33gAhdcyAxuFCjVhqe_a0RP0hGtcBRWclesPg1miVWlPJQZ6PNL7UET5fyQk_1A:1vodaq:qON7F8h2ta1rzbJxvK8BTY9vB3zOQOHywNMUclzbrug",
    "expire_date": "2026-02-21T08:23:04Z"
  }
},
{
  "model": "sessions.session",
  "pk": "a9186tacqrr4i3gfzfpnb2dhj7n7sgbp",
  "fields": {
    "session_data": ".eJxVjEsOwjAMBe-SNYqM66YNS_Y9QxQ7LimgROpnhbg7VOoCtm9m3suEuK05bIvOYUrmYsicfjeO8tCyg3SP5Vat1LLOE9tdsQdd7FCTPq-H-3eQ45K_dYQeoVVEjnRuHCi6PnkAwQag7Ub24tmxCnlSPzKJjB04T4ikymTeH8kaN5g:1vd3aD:WBxE67Jk9NcKw00RdyrLTeiybe-TPHEf0v9WSGvbIMA",
    "expire_date": "2026-01-20T09:42:33Z"
  }
},
{
  "model": "sessions.session",
  "pk": "ahubmuxt9rc0umjznsj8hil51p2nuj7i",
  "fields": {
    "session_data": ".eJxVjEEOwiAQRe_C2hBKhQGX7nsGMjCMVA0kpV0Z765NutDtf-_9lwi4rSVsPS9hJnERgxOn3zFieuS6E7pjvTWZWl2XOcpdkQftcmqUn9fD_Tso2Mu3jpacQxjSyFEhez3yGWBkxVqzskaBAes9qWy08UklipmMRYaYwIET7w8KiTgj:1vd23r:POAQw09m0tGADB8_pBjJzH-Wri9CQ7V7yxs9XOI1n1s",
    "expire_date": "2026-01-20T08:05:03Z"
  }
},
{
  "model": "sessions.session",
  "pk": "amuui9x8rrszkpblmdiu0x2602rtet2r",
  "fields": {
    "session_data": ".eJxVjDsOwjAQBe_iGllZfxKbkp4zRLveNQ4gR4qTCnF3iJQC2jcz76VG3NYybk2WcWJ1Vk6dfjfC9JC6A75jvc06zXVdJtK7og_a9HVmeV4O9--gYCvfGg33oSMD4AcQoNT5aCx7CSEOAwSiZC1bQJfBWes4ImXM5MX1nrOo9wfNbzf6:1vnG5O:5D4GMwHFSozWf4VRlUahBuwsI95WmzVJPPqFZJ1qBVc",
    "expire_date": "2026-02-17T13:04:54Z"
  }
},
{
  "model": "sessions.session",
  "pk": "betbeijp6yiueailopjrya7mph6grol7",
  "fields": {
    "session_data": ".eJxVjDEOwjAMRe-SGUUhiRyHkZ0zVLZj0QJKpKadKu4OlTrA-t97fzMDrcs4rF3nYSrmYpI5_W5M8tS6g_Kgem9WWl3mie2u2IN2e2tFX9fD_TsYqY_fOoiTMyATeAweMQnlHEGcx0IxhZgiIoMkrwwcAytoAECHCjEnZ94fxIY20w:1vckO4:ZtS7Nzl_agEITzLbmHi9EZSruMfMuJGRBDAc09PFpu0",
    "expire_date": "2026-01-19T13:12:44Z"
  }
},
{
  "model": "sessions.session",
  "pk": "bpe2ue7p7ffe6rf1wd91blvwli54ewfo",
  "fields": {
    "session_data": ".eJxVjDsOwjAQBe_iGllZfxKbkp4zRLveNQ4gR4qTCnF3iJQC2jcz76VG3NYybk2WcWJ1Vk6dfjfC9JC6A75jvc06zXVdJtK7og_a9HVmeV4O9--gYCvfGg33oSMD4AcQoNT5aCx7CSEOAwSiZC1bQJfBWes4ImXM5MX1nrOo9wfNbzf6:1volt1:DEVmpMFwLXdN8NtSkYkSAVrnn51BV7TgOKIduENbLOY",
    "expire_date": "2026-02-21T17:14:23Z"
  }
},
{
  "model": "sessions.session",
  "pk": "brcgsm0dstiadh7ijtd48r0lu6e83rfl",
  "fields": {
    "session_data": ".eJxVjEEOwiAQRe_C2hBKhQGX7nsGMjCMVA0kpV0Z765NutDtf-_9lwi4rSVsPS9hJnERgxOn3zFieuS6E7pjvTWZWl2XOcpdkQftcmqUn9fD_Tso2Mu3jpacQxjSyFEhez3yGWBkxVqzskaBAes9qWy08UklipmMRYaYwIET7w8KiTgj:1vd22G:_oS6yE48cAFHlbw0tFe5SU8-g4jZEz3DHAj80nx2Brg",
    "expire_date": "2026-01-20T08:03:24Z"
  }
},
{
  "model": "sessions.session",
  "pk": "bz1ogrtwbfrq8igf5vpuiqxgo4cvubui",
  "fields": {
    "session_data": ".eJxVjDsOwjAQBe_iGlle_9ahpM8ZrF3b4ABypDipEHeHSCmgfTPzXiLStta49bLEKYuz0Facfkem9ChtJ_lO7TbLNLd1mVjuijxol-Ocy_NyuH8HlXr91iYotIksW_BY_JACZGZwrNCRBg3BpRyCScqjd2C8GRCwOL66YBCLeH8A4DU2ww:1vnWa1:YP3Vri_rdbQpl9-I8Kjpmf04oDO7VLeshYDMLFo6LO4",
    "expire_date": "2026-02-18T06:41:37Z"
  }
},
{
  "model": "sessions.session",
  "pk": "c8qf22l5ysk0hm56albk7ygnal4ugytx",
  "fields": {
    "session_data": ".eJxVjDsOwjAQBe_iGllZfxKbkp4zRLveNQ4gR4qTCnF3iJQC2jcz76VG3NYybk2WcWJ1Vk6dfjfC9JC6A75jvc06zXVdJtK7og_a9HVmeV4O9--gYCvfGg33oSMD4AcQoNT5aCx7CSEOAwSiZC1bQJfBWes4ImXM5MX1nrOo9wfNbzf6:1volCZ:bWUm-cujxsz4_18iKRRjzw6ld_LWuSy4NizHU1Si4Fc",
    "expire_date": "2026-02-21T16:30:31Z"
  }
},
{
  "model": "sessions.session",
  "pk": "cej2i8kkwk1xruz3j7uoe2f2tqjbgpgi",
  "fields": {
    "session_data": ".eJxVjDsOwjAQBe_iGllZe_2jpOcMljfe4ACypTipEHeHSCmgfTPzXiKmbS1x67zEOYuzUChOvyOl8cF1J_me6q3JsdV1mUnuijxol9eW-Xk53L-Dknr51j4RTmiSMlqFYO0wZYKgNePg0Hs2ZMFptOSIDCNkpzIAKmucAtAs3h_kkDa1:1vnWP9:XkcOx42BOycR34_Tld1-89qTpWhEWN71KfVou6IRrkc",
    "expire_date": "2026-02-18T06:30:23Z"
  }
},
{
  "model": "sessions.session",
  "pk": "d9dzysusxt8wly6xt52ahrbd57katu8y",
  "fields": {
    "session_data": ".eJxVjEEOgjAQRe_StWna0nHApXvOQGY6U4saSCisjHdXEha6_e-9_zIDbWsZtqrLMIq5mGhOvxtTeui0A7nTdJttmqd1Gdnuij1otf0s-rwe7t9BoVq-dYBWQyMIMUc4e3GcITtOrSBDElBwSp1jJkYXIlGHDpuGMPvgMbfm_QHqHzf4:1vnEOI:PMbgX-zSO91r2veBfiKjiBs9dAlkE-0QYcpVudESiT0",
    "expire_date": "2026-02-17T11:16:18Z"
  }
},
{
  "model": "sessions.session",
  "pk": "dvd3anyhuzgmv95x9rlj69p9df5n7yn1",
  "fields": {
    "session_data": ".eJxVjEEOwiAQRe_C2hChA4JL9z0DmYFBqgaS0q6MdzckXej2v_f-WwTctxL2zmtYkrgKbcXpdySMT66DpAfWe5Ox1W1dSA5FHrTLuSV-3Q7376BgL6MGjJkVkVGULj65cwbtLTlk0MyUjfLJe7TIk8kKnNYGJiAblTJm8uLzBTPGOD8:1veRy2:WBOy791DyBb8DnTTK_AQ6X18A4GOKhufjOIwQDn3lKQ",
    "expire_date": "2026-01-24T05:56:54Z"
  }
},
{
  "model": "sessions.session",
  "pk": "eo2600bd32mo9aj093km7sepncxvze9e",
  "fields": {
    "session_data": ".eJxVjEEOwiAQRe_C2pBSoKVduvcMZIYZLGrAlDbRGO-uTbrQ7X_vv5fwsC6TXyvPPpEYhRGH3w0hXDlvgC6Qz0WGkpc5odwUudMqT4X4dtzdv8AEdfq-oaXONdgqZXvFCkNjh1aTZeeGvlcOMWhNWoGJymhtaACMENGy6SxF3qKVa00le37c0_wUY_P-AHdNPzc:1volLc:CjqoTLbWSPCQPmp13emW4z0RjSg569fqJxNqYG0P2W0",
    "expire_date": "2026-02-21T16:39:52Z"
  }
},
{
  "model": "sessions.session",
  "pk": "eszn1l09aof4rxdepkj7rtve68dkt4vv",
  "fields": {
    "session_data": ".eJxVjEEOgjAQRe_StWlKmcLUpXvP0Mx0poIaSCisjHdXEha6_e-9_zKJtnVIW9UljWLOxkdz-h2Z8kOnncidptts8zyty8h2V-xBq73Oos_L4f4dDFSHb41FQuNRIYAKOc7QBOyK7zn2wYEgFocMElp2PWaPETol1yo7gqiNeX8AAEw3tQ:1vnCYl:3_VjnTMTUVRQ01ZkpfHIEKGB3H1lACIj5Phh2aW-IDs",
    "expire_date": "2026-02-17T09:18:59Z"
  }
},
{
  "model": "sessions.session",
  "pk": "eulc8w3yhwu8jmyir9ox3pzqyfnu3ekh",
  "fields": {
    "session_data": ".eJxVjDsOwjAQBe_iGllZfxKbkp4zRLveNQ4gR4qTCnF3iJQC2jcz76VG3NYybk2WcWJ1Vk6dfjfC9JC6A75jvc06zXVdJtK7og_a9HVmeV4O9--gYCvfGg33oSMD4AcQoNT5aCx7CSEOAwSiZC1bQJfBWes4ImXM5MX1nrOo9wfNbzf6:1volsX:51_mUIIugmtcxne6zsWdxkhihi-nNK8wlt62F7WCS8s",
    "expire_date": "2026-02-21T17:13:53Z"
  }
},
{
  "model": "sessions.session",
  "pk": "ev4rzxtzucyth5t87aefrq0mu76unh3x",
  "fields": {
    "session_data": ".eJxVjDEOwjAMRe-SGUUhiRyHkZ0zVLZj0QJKpKadKu4OlTrA-t97fzMDrcs4rF3nYSrmYpI5_W5M8tS6g_Kgem9WWl3mie2u2IN2e2tFX9fD_TsYqY_fOoiTMyATeAweMQnlHEGcx0IxhZgiIoMkrwwcAytoAECHCjEnZ94fxIY20w:1vckLl:4zty0Tes-9P7ftByy1LaUt6seumjcuRiyK4VnImS7Co",
    "expire_date": "2026-01-19T13:10:21Z"
  }
},
{
  "model": "sessions.session",
  "pk": "fc5yc1h42k206y7zh0rja45e9f2mcnqg",
  "fields": {
    "session_data": ".eJxVjsEOwiAQRP-FsyErpbT06N1vIOyytagBA22iMf671vSg13lvJvMUzi_z5JbKxcUgBqHF7jdDTxdOKwhnn05ZUk5ziShXRW60ymMOfD1s7t_A5Ov0aXvoFbSsFHq9bwywMn2wAKQagLYb0ZJFg0zaarYjaqKxA2O1UpoZv68q1xpzcny_xfIQA7zea1A-1Q:1vchnU:gvXsgjmPOTUBJKQjZZqZuvRcZw_I-7-4AbPM_94xpKI",
    "expire_date": "2026-01-19T10:26:48Z"
  }
},
{
  "model": "sessions.session",
  "pk": "fknl6zdz4v717rvho1jajcmyttcwbpeq",
  "fields": {
    "session_data": ".eJxVjDsOwyAQBe9CHSHAfFOm9xnQwi7BSYQlY1dR7h5bcpG0b2bem0XY1hq3TkuckF2ZZpffLUF-UjsAPqDdZ57nti5T4ofCT9r5OCO9bqf7d1Ch1722wRaXjQwaARC9wZQMiaAKoBRO5CKC9sqrkMRgLGUcdsk4Ct4pR5J9vu8RN74:1vnFil:8O0YZq676skbRs2NY_HXqqQm1s2v1zLe_UrQ_82oEfo",
    "expire_date": "2026-02-17T12:41:31Z"
  }
},
{
  "model": "sessions.session",
  "pk": "g9cb4bz0aot1e3dxwf8rdkc2qpxe2h9s",
  "fields": {
    "session_data": ".eJxVjMEOwiAQRP-FsyGFBRGP3vsNhGUXqRpISnsy_rtt0oMeZ96beYsQ16WEtfMcJhJXoY04_ZYY05PrTugR673J1OoyTyh3RR60y7ERv26H-3dQYi_bWgFZ4Eyec0KdUXnyoCFZ55SPShlgAtIKzJmGCw8G2QH6uEVrdbLi8wUVGzgB:1vnWpv:R9gKYjDRhJn-9u5dQxosGuPTrng7UZpc67-ltKNUhk0",
    "expire_date": "2026-02-18T06:58:03Z"
  }
},
{
  "model": "sessions.session",
  "pk": "gl63fp0gvrlony4zmd0itcfvcs5zjcu6",
  "fields": {
    "session_data": ".eJxVjEEOwiAQRe_C2pCBgh1cuvcMZBhGqRpISrsy3l2bdKHb_977LxVpXUpcu8xxyuqknDr8bon4IXUD-U711jS3usxT0puid9r1pWV5nnf376BQL98aRgPJJu-8tQMjhiNmvA7E5DiTOIMBTGKxIM6zgQACBoTQjwkpePX-AMwLN18:1vnE1e:9cAVf28Jk7G8ueQ-jcAzp2rNylItnEF1s3asdjSkOp8",
    "expire_date": "2026-02-17T10:52:54Z"
  }
},
{
  "model": "sessions.session",
  "pk": "gxx61zrnedo03n6cut4ojsbqr2wjgsxp",
  "fields": {
    "session_data": ".eJxVjEEOwiAQRe_C2hCgA-24dO8ZyDBMpGogKe3KeHdt0oVu_3vvv1SkbS1x67LEOauzcqBOv2MifkjdSb5TvTXNra7LnPSu6IN2fW1ZnpfD_Tso1Mu3RhNwIPYASCJI3pFFY8BzYkxsAzhPnCeexCYL2SHxiCPS4CQFC-r9AQNpOAI:1vnWlT:d44wCNo52LAApA_5-VEE1aWBH9Sdvof2nrPZqsA_qaw",
    "expire_date": "2026-02-18T06:53:27Z"
  }
},
{
  "model": "sessions.session",
  "pk": "gzd8tyz3ih21mx7n210lesfaksb9y56l",
  "fields": {
    "session_data": ".eJxVjEEOwiAQRe_C2pARBIpL9z0DmWFAqoYmpV0Z7y5NutDte-__twi4rSVsLS1hYnEVWonTLySMz1R3ww-s91nGua7LRHJP5GGbHGdOr9vR_h0UbKWvLbozZwJDzoJRXnkNhDQwA2qHnepkyUT21E_9JWs3AGVnU_aawYnPFxL2OJc:1vnb2s:CstzERWpa7xLDqscxqoqfF51DeKYZcXDLjHwzDWUz34",
    "expire_date": "2026-02-18T11:27:42Z"
  }
},
{
  "model": "sessions.session",
  "pk": "h1gsyrwgi3c1tbd57ya1a6apziyzmx88",
  "fields": {
    "session_data": ".eJxVjDsOwjAQRO_iGlnxZm0TSvqcIZr1GhxAiZRPhbg7iZQCNN28N_M2HdaldOucp65XczHE5vRbCtIzDzvRB4b7aNM4LFMvdlfsQWfbjppf18P9OyiYy7YWFxFI0EQSPlOQ6OEar3VSj4oDJwZYXSb2IUJrUsYWvTWgWIn5fAEC7zga:1vnWeW:MDdTCdvN5MP5IXKbxGbD2zJg-q3649_0ASuK8y0gqY4",
    "expire_date": "2026-02-18T06:46:16Z"
  }
},
{
  "model": "sessions.session",
  "pk": "h43lu3v5dupaf1fy6qgaak1ywufees8f",
  "fields": {
    "session_data": ".eJxVjMsOwiAQRf-FtSGUx9C6dO83kGEYpGogKe3K-O_apAvd3nPOfYmA21rC1nkJcxJnYcXpd4tID647SHestyap1XWZo9wVedAury3x83K4fwcFe_nWzpJijKgpwkTsNbB1WmVQ4NEZB5QGpYZIeWQcIYFjb3K2kY3CCZ14fwDzSThX:1vbv1d:MtO71_mzIZX3MqPnaTY8PBXVFNsPCsLc7TZUFCkUKvQ",
    "expire_date": "2026-01-17T06:22:09Z"
  }
},
{
  "model": "sessions.session",
  "pk": "h7we5plrb9ne96wqdvsk9xbdhlxku6z2",
  "fields": {
    "session_data": ".eJxVjDsOwjAQBe_iGllZfxKbkp4zRLveNQ4gR4qTCnF3iJQC2jcz76VG3NYybk2WcWJ1Vk6dfjfC9JC6A75jvc06zXVdJtK7og_a9HVmeV4O9--gYCvfGg33oSMD4AcQoNT5aCx7CSEOAwSiZC1bQJfBWes4ImXM5MX1nrOo9wfNbzf6:1vnG5b:ypcN97l3n_UWVXugbw2Addj5-rjsnd5YxDpjtuj7Vms",
    "expire_date": "2026-02-17T13:05:07Z"
  }
},
{
  "model": "sessions.session",
  "pk": "i4ctp78ca25k2wb5kpyfr5uuc0rguh6m",
  "fields": {
    "session_data": ".eJxVjDsOwjAQBe_iGlnGPxxK-pzB8np3cQDZUpxUiLuTSCmgnZn33iKmdSlx7TTHCcVVWHH6ZZDyk-ou8JHqvcnc6jJPIPdEHrbLsSG9bkf7d1BSL9va68GjIYvZG4vKaac105nhQk5twBCwAUCwVulMQD4kwyG5oNkOzOLzBesuOJE:1vnFty:-icMBXsxWss9TC_4xRq5JF0qRKcDmqp5ZT7FuWpQxw0",
    "expire_date": "2026-02-17T12:53:06Z"
  }
},
{
  "model": "sessions.session",
  "pk": "i7bkpe23tmckk0cxvfvvpckxfttcue6q",
  "fields": {
    "session_data": ".eJxVjEEOgjAQRe_StWmmzJSpLt1zBtJpB4saSCisjHdXEha6_e-9_zJ93NbSb1WXfszmYtCZ0-8oMT102km-x-k22zRP6zKK3RV70Gq7Oevzerh_ByXW8q29Y2ZkElQNQiIYYmhYhnMCzkEzgA_swQ2AbTOoTyREDG0kYMJs3h_yODdH:1vnc3A:OFfZgOqa7NRWn9iVD1YDINWy5NOVGEfqkkxb6eEBuqw",
    "expire_date": "2026-02-18T12:32:04Z"
  }
},
{
  "model": "sessions.session",
  "pk": "is2qahp74rr9zqo9zxp0ours6p2zrrp5",
  "fields": {
    "session_data": ".eJxVjEEOwiAQRe_C2pBSoKVduvcMZIYZLGrAlDbRGO-uTbrQ7X_vv5fwsC6TXyvPPpEYhRGH3w0hXDlvgC6Qz0WGkpc5odwUudMqT4X4dtzdv8AEdfq-oaXONdgqZXvFCkNjh1aTZeeGvlcOMWhNWoGJymhtaACMENGy6SxF3qKVa00le37c0_wUY_P-AHdNPzc:1volLF:DfsEDDEOhqrjUuGeFl2phNj5nAe9h7Pdw73SrNA5fac",
    "expire_date": "2026-02-21T16:39:29Z"
  }
},
{
  "model": "sessions.session",
  "pk": "ixlbeaq5jm8ku4yczrvv8qp7lfje7bya",
  "fields": {
    "session_data": "e30:1vnanl:QYhPYXpyXu2ylyTVqfH6IsNNzmu2GuqqE-AuK_5iROQ",
    "expire_date": "2026-02-18T11:12:05Z"
  }
},
{
  "model": "sessions.session",
  "pk": "j1nu566bn8nk7b4gh0m8yqoyr3sepxf6",
  "fields": {
    "session_data": ".eJxVjDsOwjAQBe_iGllZfxKbkp4zRLveNQ4gR4qTCnF3iJQC2jcz76VG3NYybk2WcWJ1Vk6dfjfC9JC6A75jvc06zXVdJtK7og_a9HVmeV4O9--gYCvfGg33oSMD4AcQoNT5aCx7CSEOAwSiZC1bQJfBWes4ImXM5MX1nrOo9wfNbzf6:1volgR:94tnmJhfQYs0xb_f9yJvthVkfsnzH5fe3XyV-PQuvKU",
    "expire_date": "2026-02-21T17:01:23Z"
  }
},
{
  "model": "sessions.session",
  "pk": "jgp6eln57alad106detjqe6cwc2k2657",
  "fields": {
    "session_data": ".eJxVjDsOwjAQBe_iGllZfxKbkp4zRLveNQ4gR4qTCnF3iJQC2jcz76VG3NYybk2WcWJ1Vk6dfjfC9JC6A75jvc06zXVdJtK7og_a9HVmeV4O9--gYCvfGg33oSMD4AcQoNT5aCx7CSEOAwSiZC1bQJfBWes4ImXM5MX1nrOo9wfNbzf6:1volfy:EddgRTri8DMKNK8ccBT2tqHtvG05Vtwpntcfftqgj7M",
    "expire_date": "2026-02-21T17:00:54Z"
  }
},
{
  "model": "sessions.session",
  "pk": "jr6wpcothiwcxy6rx40p86jkw1eascao",
  "fields": {
    "session_data": ".eJxVjEEOwiAQRe_C2hCgA4hL956BzMAgVUOT0q6Md7dNutDtf-_9t4i4LjWunec4ZnERIE6_G2F6cttBfmC7TzJNbZlHkrsiD9rlbcr8uh7u30HFXrfawcA4kGddbNJA2pPyBNYga-s0ci6mOIMlQziX4IxXoNBsWSINKojPF-esN5A:1vnE1F:8bUCfSe84ERgVIpe0VNHl3QVdkW8jeUTp89KR22yMGg",
    "expire_date": "2026-02-17T10:52:29Z"
  }
},
{
  "model": "sessions.session",
  "pk": "klfd0fezxa1ax3ho3f24rx01sao9srov",
  "fields": {
    "session_data": ".eJxVjDsOwjAQRO_iGllrr-MPJX3OYK3jNQ6gRMqnQtwdR0oB0lQzb95bRNq3GveVlzhmcRU6iMtvmWh48nQs-UHTfZbDPG3LmOSByHNdZT9nft1O9k9Qaa3tbbFQC-tA1GUFYNlBKuipOQogAqBS3hiXFFlNBrzjgMCmMHYOxOcLE103tQ:1vnF8v:5BV2wIOd56KLUIrBQ-Mr7093O5-kEdqXEdiIUPb336A",
    "expire_date": "2026-02-17T12:04:29Z"
  }
},
{
  "model": "sessions.session",
  "pk": "ku6g02sbh500lqpfv6j6zh4syie8g0e3",
  "fields": {
    "session_data": ".eJxVjMsOwiAQRf-FtSEMjPSxdO83EOgMFjXQlDbRGP9dm3Sh23vOPS_h_LqMbq08u0SiFygOv1vww43zBujq86XIoeRlTkFuitxpledCfD_t7l9g9HX8vvlI1IHXERCCUbZlTRhaMB1h09moG9-isqDAmMFrjkYFRoWgY4zGNlu0cq2pZMePKc1P0av3B2utPnE:1vcfRF:Xk9QoaU2-Rnv8h9yZbb_BqmCpYSEoYtiIqvExxl9tbk",
    "expire_date": "2026-01-19T07:55:41Z"
  }
},
{
  "model": "sessions.session",
  "pk": "kwdv5v42k8sbxw0wkyiwde8yw2p87gz4",
  "fields": {
    "session_data": ".eJxVjEEOwiAQRe_C2pCBQnFcuu8ZyMCAVA0kpV0Z765NutDtf-_9l_C0rcVvPS1-ZnERRpx-t0DxkeoO-E711mRsdV3mIHdFHrTLqXF6Xg_376BQL98ajQkpuTFAPmsyGpFIO-AEbAHC6JAzKlbGIqMZtIqAQwQXh2xtJCXeH9rHN3A:1vnE3A:p0rz8GEjsyyCdHcmeHRNNWOzdeMxnS3322uN4o8aMB8",
    "expire_date": "2026-02-17T10:54:28Z"
  }
},
{
  "model": "sessions.session",
  "pk": "lbmb33l6vrh5xml8rh7ho55lrxmq56r4",
  "fields": {
    "session_data": ".eJxVjMsOwiAQRf-FtSHA8HTp3m8gAwxSNTQp7cr479qkC93ec859sYjb2uI2aIlTYWem2el3S5gf1HdQ7thvM89zX5cp8V3hBx38Ohd6Xg7376DhaN9agBGUqpVBekhUQHkKoaIGcE6jzYGUkA69NdqCdx6zttlnRQYQq2HvD8miN1U:1vnFom:Q4dEYNoMQC18sctlcAjaNAuc8vORxvIUXTVPA9Y5O_c",
    "expire_date": "2026-02-17T12:47:44Z"
  }
},
{
  "model": "sessions.session",
  "pk": "lcq6ctnw5zizds07rhqu06trdzhub5wn",
  "fields": {
    "session_data": "e30:1voeYl:wkrqSkdxCSc-KYqlhwzbUxLEWfHPcNysIgNGqDxa4eE",
    "expire_date": "2026-02-21T09:24:59Z"
  }
},
{
  "model": "sessions.session",
  "pk": "lfzc9i6ut3e9bywshzfpzmx2t7qeenwb",
  "fields": {
    "session_data": ".eJxVjMsOwiAQRf-FtSFYHgMu3fcbCAMztmogKe3K-O_apAvd3nPOfYmYtnWKW6clzkVchAZx-h0x5QfVnZR7qrcmc6vrMqPcFXnQLsdW6Hk93L-DKfXpWxsgsF4zD5aQBkfAqBxnr3WgobiEYKiozO5cvDGEwbJFAJW0JQ5KvD8jNji3:1vog7y:RYo6pt6_q-xm9BzvUs3lO6fQuzQfDjGcGh4ZPZaBb1U",
    "expire_date": "2026-02-21T11:05:26Z"
  }
},
{
  "model": "sessions.session",
  "pk": "lk5c78yq1pkhfji3nliojzktoxgetoed",
  "fields": {
    "session_data": ".eJxVjEEOgjAQRe_StWna0nHApXvOQGY6U4saSCisjHdXEha6_e-9_zIDbWsZtqrLMIq5mGhOvxtTeui0A7nTdJttmqd1Gdnuij1otf0s-rwe7t9BoVq-dYBWQyMIMUc4e3GcITtOrSBDElBwSp1jJkYXIlGHDpuGMPvgMbfm_QHqHzf4:1vnEOJ:s7piMsBewneOQSLQx8kFP0apR7Sb_m6aimtBO6QO_sg",
    "expire_date": "2026-02-17T11:16:19Z"
  }
},
{
  "model": "sessions.session",
  "pk": "lkf8wkb3pcmxlj9ax60o3i7x5wg581j4",
  "fields": {
    "session_data": ".eJxVjEEOgjAQRe_StWlKmcLUpXvP0Mx0poIaSCisjHdXEha6_e-9_zKJtnVIW9UljWLOxkdz-h2Z8kOnncidptts8zyty8h2V-xBq73Oos_L4f4dDFSHb41FQuNRIYAKOc7QBOyK7zn2wYEgFocMElp2PWaPETol1yo7gqiNeX8AAEw3tQ:1vnEG1:Ontn5iUobGW2eI4Li8SiTkBENEbk5rbDI49J28-JUcM",
    "expire_date": "2026-02-17T11:07:45Z"
  }
},
{
  "model": "sessions.session",
  "pk": "lmod01j0scg0x9d3whhm50hcch8lle92",
  "fields": {
    "session_data": ".eJxVjDsOwjAQBe_iGllZfxKbkp4zRLveNQ4gR4qTCnF3iJQC2jcz76VG3NYybk2WcWJ1Vk6dfjfC9JC6A75jvc06zXVdJtK7og_a9HVmeV4O9--gYCvfGg33oSMD4AcQoNT5aCx7CSEOAwSiZC1bQJfBWes4ImXM5MX1nrOo9wfNbzf6:1volsl:8hIr6b3tLUy_4XAhGszFS7r-vC9gm1mHhOVE326aBc0",
    "expire_date": "2026-02-21T17:14:07Z"
  }
},
{
  "model": "sessions.session",
  "pk": "mwh7rcqhz9fi4onpp2vf53zdi3jvra5g",
  "fields": {
    "session_data": ".eJxVjDEOwjAMRe-SGUUhiRyHkZ0zVLZj0QJKpKadKu4OlTrA-t97fzMDrcs4rF3nYSrmYpI5_W5M8tS6g_Kgem9WWl3mie2u2IN2e2tFX9fD_TsYqY_fOoiTMyATeAweMQnlHEGcx0IxhZgiIoMkrwwcAytoAECHCjEnZ94fxIY20w:1vckL2:TpknaEh5jPGoK9nIy_IL0pdONvflueykKByChc81yz4",
    "expire_date": "2026-01-19T13:09:36Z"
  }
},
{
  "model": "sessions.session",
  "pk": "mx3m8nz6hlhhexzcde18tz46zg0dknyv",
  "fields": {
    "session_data": ".eJxVjsEOwiAQRP-FsyErpbT06N1vIOyytagBA22iMf671vSg13lvJvMUzi_z5JbKxcUgBqHF7jdDTxdOKwhnn05ZUk5ziShXRW60ymMOfD1s7t_A5Ov0aXvoFbSsFHq9bwywMn2wAKQagLYb0ZJFg0zaarYjaqKxA2O1UpoZv68q1xpzcny_xfIQA7zea1A-1Q:1vchmo:N-eom5-uBWl3UtWHwdKTgMTeF0PqRnubpXks3DQCeQU",
    "expire_date": "2026-01-19T10:26:06Z"
  }
},
{
  "model": "sessions.session",
  "pk": "n4akc4pvr2xbrts0d04a0fnp8wk48yoy",
  "fields": {
    "session_data": ".eJxVjMsOwiAQRf-FtSGUx9C6dO83kGEYpGogKe3K-O_apAvd3nPOfYmA21rC1nkJcxJnYcXpd4tID647SHestyap1XWZo9wVedAury3x83K4fwcFe_nWzpJijKgpwkTsNbB1WmVQ4NEZB5QGpYZIeWQcIYFjb3K2kY3CCZ14fwDzSThX:1vcdCk:Hrt9czBKnUvXB0aKPOT3zVwVZx6kYtnQEddNCzG9-bA",
    "expire_date": "2026-01-19T05:32:34Z"
  }
},
{
  "model": "sessions.session",
  "pk": "n4fckjkbx9y38gbq062bgyfp9vlfyro7",
  "fields": {
    "session_data": ".eJxVjsEOwiAQRP-FsyErpbT06N1vIOyytagBA22iMf671vSg13lvJvMUzi_z5JbKxcUgBqHF7jdDTxdOKwhnn05ZUk5ziShXRW60ymMOfD1s7t_A5Ov0aXvoFbSsFHq9bwywMn2wAKQagLYb0ZJFg0zaarYjaqKxA2O1UpoZv68q1xpzcny_xfIQA7zea1A-1Q:1vciuS:kuhVJmYvU5Ha2U7AM95goQf9QzHIvAzmZ92qfqfMMxs",
    "expire_date": "2026-01-19T11:38:04Z"
  }
},
{
  "model": "sessions.session",
  "pk": "nfdv7452xzldpsajzdgvqkym0z2s3lch",
  "fields": {
    "session_data": "e30:1vbuz7:z7orFFkd2i2loj5jwqDfXOHGvPW2viVwKnbxxLWkCQw",
    "expire_date": "2026-01-17T06:19:33Z"
  }
},
{
  "model": "sessions.session",
  "pk": "nmdxhbwfyog9xbxvo39sy3rkhsu4yxkb",
  "fields": {
    "session_data": ".eJxVjDEOwjAMRe-SGUUhiRyHkZ0zVLZj0QJKpKadKu4OlTrA-t97fzMDrcs4rF3nYSrmYpI5_W5M8tS6g_Kgem9WWl3mie2u2IN2e2tFX9fD_TsYqY_fOoiTMyATeAweMQnlHEGcx0IxhZgiIoMkrwwcAytoAECHCjEnZ94fxIY20w:1vckMv:K-LHB7cEAFtLynX2_QKkE-RI8nKhiksYeiiWjj3G_6c",
    "expire_date": "2026-01-19T13:11:33Z"
  }
},
{
  "model": "sessions.session",
  "pk": "nnqo011sw5e94eqrrk5nudj2j1sldm6s",
  "fields": {
    "session_data": ".eJxVjEEOwiAQRe_C2pAyFJlx6b5nIANDpWpoUtqV8e7apAvd_vfef6nA21rC1vISJlEXBaROv2Pk9Mh1J3Lnept1muu6TFHvij5o08Ms-Xk93L-Dwq18a4uEfozZpYRoqRMDPYkhJIgJ2ItNxGh6h93ZsgcDo2FiixxRnM3q_QH1VTeP:1vnEOD:PSacvbUbZ9Ie84QwGkSzf7KQtsbizL5LeA2TRe0nAsI",
    "expire_date": "2026-02-17T11:16:13Z"
  }
},
{
  "model": "sessions.session",
  "pk": "o0lnk28kg16kufv550m4uuzsljmwn2nb",
  "fields": {
    "session_data": ".eJxVjDsOwjAQBe_iGllZfxKbkp4zRLveNQ4gR4qTCnF3iJQC2jcz76VG3NYybk2WcWJ1Vk6dfjfC9JC6A75jvc06zXVdJtK7og_a9HVmeV4O9--gYCvfGg33oSMD4AcQoNT5aCx7CSEOAwSiZC1bQJfBWes4ImXM5MX1nrOo9wfNbzf6:1vnG3P:0hhWg3M9ZBSwZRy2YFWfKsiLbx-2DqvGIMnMhtGM6gY",
    "expire_date": "2026-02-17T13:02:51Z"
  }
},
{
  "model": "sessions.session",
  "pk": "o59eg2il2bhwh9la13ccxv3o0enaess5",
  "fields": {
    "session_data": ".eJxVjEEOwiAQRe_C2pCxWCgu3XsGMtMZLGrAlDbRGO9um3Sh2_f-f28VcJ6GMFcZQ2J1VKZRu19I2N8kr4avmC9F9yVPYyK9TvRmqz4Xlvtp2_4FBqzD8rbo9hwJWnIW2sY33gAhdcyAxuFCjVhqe_a0RP0hGtcBRWclesPg1miVWlPJQZ6PNL7UET5fyQk_1A:1vnbpc:AJuV7Ks1UfWer6vk_r63hIY8ph6lA4dBhV-uyLDiyDM",
    "expire_date": "2026-02-18T12:18:04Z"
  }
},
{
  "model": "sessions.session",
  "pk": "ofdeez7ympqhs9b7zr8cmmyyomyheqn2",
  "fields": {
    "session_data": ".eJxVzMEOwiAQBNB_4WxIu7QWPHr3G8guu0jVQFLak_HfpUkPep15M2_lcVuT36osfmZ1UeDU6TckDE_Je8MPzPeiQ8nrMpPeiT7aqm-F5XU97N9BwpramqTrqY8yCgckO0FnOsfOGCORorMW4jBAU2xABMPUSDg7a8iODoHV5wsr1Dik:1vnatF:7d3vlu0LcdKpHvUhBL6qrgJV99DgzlPx2Nwlbyw0kSw",
    "expire_date": "2026-02-18T11:17:45Z"
  }
},
{
  "model": "sessions.session",
  "pk": "ohaaonm029hk4hxw9ystxhbul6cv3mdx",
  "fields": {
    "session_data": ".eJxVjsEOwiAQRP-FsyErpbT06N1vIOyytagBA22iMf671vSg13lvJvMUzi_z5JbKxcUgBqHF7jdDTxdOKwhnn05ZUk5ziShXRW60ymMOfD1s7t_A5Ov0aXvoFbSsFHq9bwywMn2wAKQagLYb0ZJFg0zaarYjaqKxA2O1UpoZv68q1xpzcny_xfIQA7zea1A-1Q:1vchoQ:4tssEG5lNdwACWYuQYo79QjzCgL-o4irE33n01MnkXE",
    "expire_date": "2026-01-19T10:27:46Z"
  }
},
{
  "model": "sessions.session",
  "pk": "ohsyy4jqa6s83zmoa49kbamu8qxijwle",
  "fields": {
    "session_data": ".eJxVjEEOwiAQRe_C2pARBIpL9z0DmWFAqoYmpV0Z7y5NutDte-__twi4rSVsLS1hYnEVWonTLySMz1R3ww-s91nGua7LRHJP5GGbHGdOr9vR_h0UbKWvLbozZwJDzoJRXnkNhDQwA2qHnepkyUT21E_9JWs3AGVnU_aawYnPFxL2OJc:1vnb5D:tXQjymM7RLB2nSxSU2CkKoyWJtwef0BG0Du-MTZI8Tg",
    "expire_date": "2026-02-18T11:30:07Z"
  }
},
{
  "model": "sessions.session",
  "pk": "oxve89amht5ubtpxroswxbeeemc11ief",
  "fields": {
    "session_data": ".eJxVjEEOwiAQAP_C2RCglgWP3n0D2WVBqgaS0p6MfzckPeh1ZjJvEXDfSth7WsPC4iLO4vTLCOMz1SH4gfXeZGx1WxeSI5GH7fLWOL2uR_s3KNjL2LrsiJhB6-xV5mgMaJqi8ZqUYjDeTug5KbROz8BqzgkmjBYdACUSny_sijgz:1vnE26:P_sVuUpEgSPGvdlI2cSqXUSCV6n4-KwaqLCrM-XlZx4",
    "expire_date": "2026-02-17T10:53:22Z"
  }
},
{
  "model": "sessions.session",
  "pk": "oyx0peq7lxrotppxzcrfmfwzz509joom",
  "fields": {
    "session_data": ".eJxVjEEOgjAQRe_StWlKmcLUpXvP0Mx0poIaSCisjHdXEha6_e-9_zKJtnVIW9UljWLOxkdz-h2Z8kOnncidptts8zyty8h2V-xBq73Oos_L4f4dDFSHb41FQuNRIYAKOc7QBOyK7zn2wYEgFocMElp2PWaPETol1yo7gqiNeX8AAEw3tQ:1vnDvi:B9RW5MDb-MQwI4oIm5Um1tyu79cLKoExwrFNxE9LzvI",
    "expire_date": "2026-02-17T10:46:46Z"
  }
},
{
  "model": "sessions.session",
  "pk": "pculzaurl6fylrcsv2nq7yhajkoilaij",
  "fields": {
    "session_data": ".eJxVjEEOwiAQRe_C2pBSoKVduvcMZIYZLGrAlDbRGO-uTbrQ7X_vv5fwsC6TXyvPPpEYhRGH3w0hXDlvgC6Qz0WGkpc5odwUudMqT4X4dtzdv8AEdfq-oaXONdgqZXvFCkNjh1aTZeeGvlcOMWhNWoGJymhtaACMENGy6SxF3qKVa00le37c0_wUY_P-AHdNPzc:1volMo:_6GIXBIpKYdkAd8ex9YMNWNl0UI1YI4enfqieqUlutI",
    "expire_date": "2026-02-21T16:41:06Z"
  }
},
{
  "model": "sessions.session",
  "pk": "pm25vjwsg0klyu0w8s7p6brntci5fs9w",
  "fields": {
    "session_data": ".eJxVjEEOwiAQRe_C2hBKhQGX7nsGMjCMVA0kpV0Z765NutDtf-_9lwi4rSVsPS9hJnERgxOn3zFieuS6E7pjvTWZWl2XOcpdkQftcmqUn9fD_Tso2Mu3jpacQxjSyFEhez3yGWBkxVqzskaBAes9qWy08UklipmMRYaYwIET7w8KiTgj:1vd23J:z7kQnTCNSrkOmc_XLGsgrKxLk-Wf0elUle01NPyitjE",
    "expire_date": "2026-01-20T08:04:29Z"
  }
},
{
  "model": "sessions.session",
  "pk": "qbwr6dr2t2i31xpwh7vwwsaagb7jfo0a",
  "fields": {
    "session_data": ".eJxVjEsOwjAMBe-SNYqM66YNS_Y9QxQ7LimgROpnhbg7VOoCtm9m3suEuK05bIvOYUrmYsicfjeO8tCyg3SP5Vat1LLOE9tdsQdd7FCTPq-H-3eQ45K_dYQeoVVEjnRuHCi6PnkAwQag7Ub24tmxCnlSPzKJjB04T4ikymTeH8kaN5g:1vn9PW:dmW1K8gXpxQtEJ_yF-EK15PW9A9Pzj5IOizukfw0Y_M",
    "expire_date": "2026-02-17T05:57:14Z"
  }
},
{
  "model": "sessions.session",
  "pk": "qtcg4xs1b5ok4jaoeazu28zyels0zvuu",
  "fields": {
    "session_data": ".eJxVjEsOwjAMBe-SNYqM66YNS_Y9QxQ7LimgROpnhbg7VOoCtm9m3suEuK05bIvOYUrmYsicfjeO8tCyg3SP5Vat1LLOE9tdsQdd7FCTPq-H-3eQ45K_dYQeoVVEjnRuHCi6PnkAwQag7Ub24tmxCnlSPzKJjB04T4ikymTeH8kaN5g:1vn9PG:2WmZRX4e1SBxM307NCbe30zyqYfG4G7jXBD6QtzC4LU",
    "expire_date": "2026-02-17T05:56:58Z"
  }
},
{
  "model": "sessions.session",
  "pk": "qwy98ihbh9he7ogpw2bcmzfzrmrcztsf",
  "fields": {
    "session_data": ".eJxVjMsOgjAQRf-la9PQju1Ql-75BjKPYlEDCYWV8d-VhIVu7znnvkxP21r6realH9VczNmcfjcmeeRpB3qn6TZbmad1Gdnuij1otd2s-Xk93L-DQrV8a9EgyTfArtEAjNI25CUFdJFSSqhAGDkr8RABhFNsAcV5BB3Q-WzeH-OtN9k:1vnEGT:szMVZJJERgWlK66jwgTFz94evem6MCR4Lz8CymkpsiU",
    "expire_date": "2026-02-17T11:08:13Z"
  }
},
{
  "model": "sessions.session",
  "pk": "r4bufj492aomsna4lyru5as3qh9xfhek",
  "fields": {
    "session_data": "e30:1vnEkg:0ZR9wiREdzFwMu5mo6AUgp_E73HPdKcCynHqBHbJA6g",
    "expire_date": "2026-02-17T11:39:26Z"
  }
},
{
  "model": "sessions.session",
  "pk": "r81ociitygkqr2u6qzipgiz43gizvct9",
  "fields": {
    "session_data": ".eJxVjEEOwiAQRe_C2hBKhQGX7nsGMjCMVA0kpV0Z765NutDtf-_9lwi4rSVsPS9hJnERgxOn3zFieuS6E7pjvTWZWl2XOcpdkQftcmqUn9fD_Tso2Mu3jpacQxjSyFEhez3yGWBkxVqzskaBAes9qWy08UklipmMRYaYwIET7w8KiTgj:1vd1yw:IYRwaB5mz-2Kfgb03QH2e6bEf1tFrV_XKipUJ5efGx8",
    "expire_date": "2026-01-20T07:59:58Z"
  }
},
{
  "model": "sessions.session",
  "pk": "rv2l2jwcz5h37cnuuxfa9blaosfcumi2",
  "fields": {
    "session_data": ".eJxVjDsOwjAQBe_iGllZfxKbkp4zRLveNQ4gR4qTCnF3iJQC2jcz76VG3NYybk2WcWJ1Vk6dfjfC9JC6A75jvc06zXVdJtK7og_a9HVmeV4O9--gYCvfGg33oSMD4AcQoNT5aCx7CSEOAwSiZC1bQJfBWes4ImXM5MX1nrOo9wfNbzf6:1vnG32:N-mEkzwM3j8T2QtnHWaQCsKyDvlPZNVAeEZYbtUFxXE",
    "expire_date": "2026-02-17T13:02:28Z"
  }
},
{
  "model": "sessions.session",
  "pk": "rvglslfx1xhurf20l5yq749vgm06t8l8",
  "fields": {
    "session_data": ".eJxVjDsOwjAUBO_iGlnGvxhKes5gPe-zcQA5UpxUiLtDpBTQ7szsS0RalxrXnuc4sjgLbcXhd0yER24b4Tu12yQxtWUek9wUudMurxPn52V3_w4q9fqtLZty0soAiqyyAwNHMpqJB3LkU0IAmFSAQzDWQmfvVM6efCkIRbw_Kwg5bg:1vnWQR:p7VEor5YrZnToevixjGalwqAph23XaqHEQuwBGIT8hE",
    "expire_date": "2026-02-18T06:31:43Z"
  }
},
{
  "model": "sessions.session",
  "pk": "s4krojn2j6jt835fnsz0yd0cggpj08fo",
  "fields": {
    "session_data": ".eJxVjEEOwiAQRe_C2pBSoKVduvcMZIYZLGrAlDbRGO-uTbrQ7X_vv5fwsC6TXyvPPpEYhRGH3w0hXDlvgC6Qz0WGkpc5odwUudMqT4X4dtzdv8AEdfq-oaXONdgqZXvFCkNjh1aTZeeGvlcOMWhNWoGJymhtaACMENGy6SxF3qKVa00le37c0_wUY_P-AHdNPzc:1vocJF:pLZKh8ZhilMo7FCqrwCUc0Vr1OdSzVjRDR3EyphS5PI",
    "expire_date": "2026-02-21T07:00:49Z"
  }
},
{
  "model": "sessions.session",
  "pk": "s6icb0f5nj9npu6j7c5iiia3jf74149m",
  "fields": {
    "session_data": ".eJxVjEEOgjAQRe_StWlKmcLUpXvP0Mx0poIaSCisjHdXEha6_e-9_zKJtnVIW9UljWLOxkdz-h2Z8kOnncidptts8zyty8h2V-xBq73Oos_L4f4dDFSHb41FQuNRIYAKOc7QBOyK7zn2wYEgFocMElp2PWaPETol1yo7gqiNeX8AAEw3tQ:1vnDqI:htALoGceUNoV7EjfVipJ33bSJzqyzZiBUnFKTwEUC2g",
    "expire_date": "2026-02-17T10:41:10Z"
  }
},
{
  "model": "sessions.session",
  "pk": "s76fec9yxu53tlq5587s3bptkp0ynjwr",
  "fields": {
    "session_data": ".eJxVjEsOwjAMBe-SNYqM66YNS_Y9QxQ7LimgROpnhbg7VOoCtm9m3suEuK05bIvOYUrmYsicfjeO8tCyg3SP5Vat1LLOE9tdsQdd7FCTPq-H-3eQ45K_dYQeoVVEjnRuHCi6PnkAwQag7Ub24tmxCnlSPzKJjB04T4ikymTeH8kaN5g:1vd3aB:-gPoT6aG7d84JlcyDfHnCtJnv16yWQYjbHSGAnLPoqo",
    "expire_date": "2026-01-20T09:42:31Z"
  }
},
{
  "model": "sessions.session",
  "pk": "t6e7qybvkweotrnp194de4up1h5kkysy",
  "fields": {
    "session_data": ".eJxVjEEOwiAQRe_C2hCowIhL9z0DmWFAqgaS0q6MdzckXej2v_f-WwTctxL2ntawsLgKI06_G2F8pjoAP7Dem4ytbutCcijyoF3OjdPrdrh_BwV7GbVzXkVLSqHRLuto2NJZMwEplwAUAEw5Rp0xW-0nDyp71pQTXxwyis8X4eU4Xw:1vnE2V:NN6GnmRnWRscslnSq5PJxIqMNJVfnMARWi9_swKKjao",
    "expire_date": "2026-02-17T10:53:47Z"
  }
},
{
  "model": "sessions.session",
  "pk": "tj4xudyx220uakcfiy1sq0jjyyhhvdgh",
  "fields": {
    "session_data": ".eJxVjEEOgjAQRe_StWna0nHApXvOQGY6U4saSCisjHdXEha6_e-9_zIDbWsZtqrLMIq5mGhOvxtTeui0A7nTdJttmqd1Gdnuij1otf0s-rwe7t9BoVq-dYBWQyMIMUc4e3GcITtOrSBDElBwSp1jJkYXIlGHDpuGMPvgMbfm_QHqHzf4:1vnEOG:y3UNyWhVxKp80fiKABoalNGQWrONgKniaF_Nh9jXFsQ",
    "expire_date": "2026-02-17T11:16:16Z"
  }
},
{
  "model": "sessions.session",
  "pk": "tjxrba63y5ufpl6et2x9ojqk3moar0c6",
  "fields": {
    "session_data": ".eJxVjEsOwjAMBe-SNYqM66YNS_Y9QxQ7LimgROpnhbg7VOoCtm9m3suEuK05bIvOYUrmYsicfjeO8tCyg3SP5Vat1LLOE9tdsQdd7FCTPq-H-3eQ45K_dYQeoVVEjnRuHCi6PnkAwQag7Ub24tmxCnlSPzKJjB04T4ikymTeH8kaN5g:1vcgrn:DhWPTbOwjqGXe5XzKmAPfO3-y3S74T90mZH3YchW1aw",
    "expire_date": "2026-01-19T09:27:11Z"
  }
},
{
  "model": "sessions.session",
  "pk": "tw41zo7zlxsrqtzdgp1rxqb96dzx7xiz",
  "fields": {
    "session_data": ".eJxVjEEOwiAQRe_C2pABSodx6d4zEBioVA0kpV0Z765NutDtf-_9l_BhW4vfel78nMRZOHH63WLgR647SPdQb01yq-syR7kr8qBdXlvKz8vh_h2U0Mu3NoGUsgNhdIoIeAoaI6BFinowCWxWDIjsNINVFK3CydGYAFIeDRvx_gC2jTa8:1vcioF:ZYXkA4UYMV3M-bDpy6RrVw-WsU5R3gt5Ezku6oFqpuE",
    "expire_date": "2026-01-19T11:31:39Z"
  }
},
{
  "model": "sessions.session",
  "pk": "u4ghedeoisx37de3reyu7il5sb4sxwj3",
  "fields": {
    "session_data": ".eJxVjMsOwiAQRf-FtSEDpYVx6d5vIDM8pGogKe3K-O_apAvd3nPOfQlP21r81tPi5yjOQhtx-h2ZwiPVncQ71VuTodV1mVnuijxol9cW0_NyuH8HhXr51gARSEMeQw6DGniyCDqyUoQJbc7OamSHxgBH40ARQNIWR8iTw6BAvD_4hzc6:1vnWXI:tZ_s1RtkErWqsQnrJG4-uODIAxhSQU3BYuLIJp0b0AE",
    "expire_date": "2026-02-18T06:38:48Z"
  }
},
{
  "model": "sessions.session",
  "pk": "u5u8kpxb9zz40pnrw516frznakd76fnx",
  "fields": {
    "session_data": ".eJxVjEEOwiAQRe_C2pCxWCgu3XsGMtMZLGrAlDbRGO9um3Sh2_f-f28VcJ6GMFcZQ2J1VKZRu19I2N8kr4avmC9F9yVPYyK9TvRmqz4Xlvtp2_4FBqzD8rbo9hwJWnIW2sY33gAhdcyAxuFCjVhqe_a0RP0hGtcBRWclesPg1miVWlPJQZ6PNL7UET5fyQk_1A:1vnb5C:lO4q1siEd2JNmoL8Fo5bxyGrgioKPb7lMPLHrAQLG3E",
    "expire_date": "2026-02-18T11:30:06Z"
  }
},
{
  "model": "sessions.session",
  "pk": "ua5332vo3gi67rxnmkh9zpub6rfgnmgc",
  "fields": {
    "session_data": ".eJxVjEsOwjAMBe-SNYqM66YNS_Y9QxQ7LimgROpnhbg7VOoCtm9m3suEuK05bIvOYUrmYsicfjeO8tCyg3SP5Vat1LLOE9tdsQdd7FCTPq-H-3eQ45K_dYQeoVVEjnRuHCi6PnkAwQag7Ub24tmxCnlSPzKJjB04T4ikymTeH8kaN5g:1vn9a6:DbbWlO_mgI5gQxmyD_kNBy-BKvf6pFZIyl8UBy2cXvU",
    "expire_date": "2026-02-17T06:08:10Z"
  }
},
{
  "model": "sessions.session",
  "pk": "uvo5iz36o6oojwh9dwrfah269yxetxz9",
  "fields": {
    "session_data": ".eJxVjMsOwiAQRf-FtSGUx9C6dO83kGEYpGogKe3K-O_apAvd3nPOfYmA21rC1nkJcxJnYcXpd4tID647SHestyap1XWZo9wVedAury3x83K4fwcFe_nWzpJijKgpwkTsNbB1WmVQ4NEZB5QGpYZIeWQcIYFjb3K2kY3CCZ14fwDzSThX:1vcHvD:OtHxF93GdrpTBrrCjA909JSyZwrACz5IPWWv8VI_18Y",
    "expire_date": "2026-01-18T06:49:03Z"
  }
},
{
  "model": "sessions.session",
  "pk": "v2cff7gxmrxrafad15f08949cfj6mhdw",
  "fields": {
    "session_data": ".eJxVjEEOwiAQRe_C2hBKhQGX7nsGMjCMVA0kpV0Z765NutDtf-_9lwi4rSVsPS9hJnERgxOn3zFieuS6E7pjvTWZWl2XOcpdkQftcmqUn9fD_Tso2Mu3jpacQxjSyFEhez3yGWBkxVqzskaBAes9qWy08UklipmMRYaYwIET7w8KiTgj:1vd2Fs:0GggBwIlGCvF5i4U31Ruce3ANkC-7zfEzKokapl1aMQ",
    "expire_date": "2026-01-20T08:17:28Z"
  }
},
{
  "model": "sessions.session",
  "pk": "v4m4coazdqnti3369lsvqowxazrdi59v",
  "fields": {
    "session_data": ".eJxVjEEOwiAQRe_C2pAyFJlx6b5nIANDpWpoUtqV8e7apAvd_vfef6nA21rC1vISJlEXBaROv2Pk9Mh1J3Lnept1muu6TFHvij5o08Ms-Xk93L-Dwq18a4uEfozZpYRoqRMDPYkhJIgJ2ItNxGh6h93ZsgcDo2FiixxRnM3q_QH1VTeP:1vnEOE:VIYncDvsOMB_OHt_0JEPNIG7tO394DY4MULN8jPHr28",
    "expire_date": "2026-02-17T11:16:14Z"
  }
},
{
  "model": "sessions.session",
  "pk": "w5s85r8nzi0dmhwup11jxef17xfolude",
  "fields": {
    "session_data": ".eJxVjEEOwiAQRe_C2hDAoQWX7nsGMsyAVA0kpV0Z765NutDtf-_9lwi4rSVsPS1hZnERIE6_W0R6pLoDvmO9NUmtrssc5a7Ig3Y5NU7P6-H-HRTs5VsblyyMFOOQs2ML5AA0E1lSmKMf0PEZvDegVOLkPahRM2YDmpQyHsT7A_bUN9c:1w1g1s:qwI5M8EGqlOStxOmd1zjipTGeAfgJRlBVejNkXiptlw",
    "expire_date": "2026-03-29T07:36:52Z"
  }
},
{
  "model": "sessions.session",
  "pk": "wjda3apw16seyikyq2s24y5bz7uuy8qi",
  "fields": {
    "session_data": ".eJxVjEEOwiAQRe_C2hBKhQGX7nsGMjCMVA0kpV0Z765NutDtf-_9lwi4rSVsPS9hJnERgxOn3zFieuS6E7pjvTWZWl2XOcpdkQftcmqUn9fD_Tso2Mu3jpacQxjSyFEhez3yGWBkxVqzskaBAes9qWy08UklipmMRYaYwIET7w8KiTgj:1vd21a:QyZU9yQlxwleVdVewu07LAROwlfPvgpvgLIlHHr3XdY",
    "expire_date": "2026-01-20T08:02:42Z"
  }
},
{
  "model": "sessions.session",
  "pk": "x77kwnaebwy1ej13qr6vc4atist03zar",
  "fields": {
    "session_data": ".eJxVjDsOwjAQBe_iGllZfxKbkp4zRLveNQ4gR4qTCnF3iJQC2jcz76VG3NYybk2WcWJ1Vk6dfjfC9JC6A75jvc06zXVdJtK7og_a9HVmeV4O9--gYCvfGg33oSMD4AcQoNT5aCx7CSEOAwSiZC1bQJfBWes4ImXM5MX1nrOo9wfNbzf6:1volqo:0xova1ieOKAV9IgaAlmwXw0dePBk63U-qdiXfEwp6JA",
    "expire_date": "2026-02-21T17:12:06Z"
  }
},
{
  "model": "sessions.session",
  "pk": "xtguq019c0a8wt77tvql4lb9gw9jkge0",
  "fields": {
    "session_data": ".eJxVjDEOwjAMRe-SGUUhiRyHkZ0zVLZj0QJKpKadKu4OlTrA-t97fzMDrcs4rF3nYSrmYpI5_W5M8tS6g_Kgem9WWl3mie2u2IN2e2tFX9fD_TsYqY_fOoiTMyATeAweMQnlHEGcx0IxhZgiIoMkrwwcAytoAECHCjEnZ94fxIY20w:1vckOj:iTglx-vu3_TjWPG-KnUQvQyP60V25JDsufKa76V-yCU",
    "expire_date": "2026-01-19T13:13:25Z"
  }
},
{
  "model": "sessions.session",
  "pk": "xx9nl8nszedw1uatna17kxant4mx38e4",
  "fields": {
    "session_data": "e30:1voeX3:yaBwmQx7SLHbAXVqaFGibIwZeUyDxNi2WNLT40LSP0g",
    "expire_date": "2026-02-21T09:23:13Z"
  }
},
{
  "model": "sessions.session",
  "pk": "y7nwe1425m1cxltagggnjcudr3l4dpr1",
  "fields": {
    "session_data": ".eJxVjMsOgjAQRf-la9OUaYWJS_d-QzOvCmogobAi_ruSsNDtPefczWValz6v1eY8qLs4SO70OzLJ08ad6IPG--RlGpd5YL8r_qDV3ya11_Vw_w56qv23jhySsIq0CQIiQmdCKULE5iyorMzGxUIxjCWChQBt00nhRC0Qq3t_ACBGOQo:1vnWLs:znW2HRNMq6fNKQ0eiGucyXiX6lsjqZksyimhlo1E8CA",
    "expire_date": "2026-02-18T06:27:00Z"
  }
},
{
  "model": "sessions.session",
  "pk": "ygu0jyv5yz2y8j90sgln6dm3cjgw8gkp",
  "fields": {
    "session_data": ".eJxVjEEOwiAQRe_C2pBSoKVduvcMZIYZLGrAlDbRGO-uTbrQ7X_vv5fwsC6TXyvPPpEYhRGH3w0hXDlvgC6Qz0WGkpc5odwUudMqT4X4dtzdv8AEdfq-oaXONdgqZXvFCkNjh1aTZeeGvlcOMWhNWoGJymhtaACMENGy6SxF3qKVa00le37c0_wUY_P-AHdNPzc:1volOY:8cj2yfBNTEIG_yPA6NRUB9h6wgDCeJypFkPtrgJvQwI",
    "expire_date": "2026-02-21T16:42:54Z"
  }
},
{
  "model": "sessions.session",
  "pk": "ylk45ztv4qdnrvqpuv9eg6kx7fx3oxd4",
  "fields": {
    "session_data": ".eJxVjEEOwiAQRe_C2hBKhQGX7nsGMjCMVA0kpV0Z765NutDtf-_9lwi4rSVsPS9hJnERgxOn3zFieuS6E7pjvTWZWl2XOcpdkQftcmqUn9fD_Tso2Mu3jpacQxjSyFEhez3yGWBkxVqzskaBAes9qWy08UklipmMRYaYwIET7w8KiTgj:1vd23V:8yY1WD5HOy95601wv3Bx69XlavEDdFlXdjw_MiBIzoc",
    "expire_date": "2026-01-20T08:04:41Z"
  }
},
{
  "model": "sessions.session",
  "pk": "yny0c7tvsxb7c5kohhty0c0n0nfeqevi",
  "fields": {
    "session_data": ".eJxVjEEOgjAQRe_StWlKmcLUpXvP0Mx0poIaSCisjHdXEha6_e-9_zKJtnVIW9UljWLOxkdz-h2Z8kOnncidptts8zyty8h2V-xBq73Oos_L4f4dDFSHb41FQuNRIYAKOc7QBOyK7zn2wYEgFocMElp2PWaPETol1yo7gqiNeX8AAEw3tQ:1vnE64:vAkxgKHVHlHXKc1HGL-vpFDmQMHkjSeGVgcObKGXzjA",
    "expire_date": "2026-02-17T10:57:28Z"
  }
},
{
  "model": "sessions.session",
  "pk": "yv7pop8msykuzge6291m5v4hrbq0nerd",
  "fields": {
    "session_data": ".eJxVjEEOwiAQRe_C2pBSoKVduvcMZIYZLGrAlDbRGO-uTbrQ7X_vv5fwsC6TXyvPPpEYhRGH3w0hXDlvgC6Qz0WGkpc5odwUudMqT4X4dtzdv8AEdfq-oaXONdgqZXvFCkNjh1aTZeeGvlcOMWhNWoGJymhtaACMENGy6SxF3qKVa00le37c0_wUY_P-AHdNPzc:1volND:aRu_aOKOWprlfPA2GIUn37iR2JCJjGBJhQ8ZPu70aGI",
    "expire_date": "2026-02-21T16:41:31Z"
  }
},
{
  "model": "sessions.session",
  "pk": "z6k6wx0tbas2ooy075ra7vbmu769x493",
  "fields": {
    "session_data": ".eJxVjDsOwjAQBe_iGllZfxKbkp4zRLveNQ4gR4qTCnF3iJQC2jcz76VG3NYybk2WcWJ1Vk6dfjfC9JC6A75jvc06zXVdJtK7og_a9HVmeV4O9--gYCvfGg33oSMD4AcQoNT5aCx7CSEOAwSiZC1bQJfBWes4ImXM5MX1nrOo9wfNbzf6:1voli7:ZCrlZ93-qDtdMbWGLTtrtA92bl1eZnThAqkTlaAVzbk",
    "expire_date": "2026-02-21T17:03:07Z"
  }
},
{
  "model": "sessions.session",
  "pk": "zhmltm900yzytwkgm40ez4ddasgcwsrw",
  "fields": {
    "session_data": ".eJxVjDsOwjAQBe_iGln-k6WkzxmsXe-aBFAs5VMh7g6RUkD7Zua9VMZtHfK2yJxHVhflQJ1-R8LykGknfMfp1nRp0zqPpHdFH3TRfWN5Xg_372DAZfjWUZwxLgWATlyiDhhtZ8FSDM5BOEcLxOKjoWQxca1SyCKUGnwEz0G9P9_TN4U:1vnatj:BczaPx826H_vx7_NXAHHDwF8L-YqkoyHfCENwWAkHWs",
    "expire_date": "2026-02-18T11:18:15Z"
  }
},
{
  "model": "sessions.session",
  "pk": "zu7qy977m3n8oj1jnjh21yvwj50bo7xp",
  "fields": {
    "session_data": ".eJxVjMsOwiAQRf-FtSG8O7h07zeQAQapGkhKuzL-uzbpQrf3nHNfLOC21rANWsKc2Zkpw06_Y8T0oLaTfMd26zz1ti5z5LvCDzr4tWd6Xg7376DiqN9aG2GT1eBlAql9piIMQpkIStJYSBmpS0IXHVglwBchACZH3kQyUQr2_gD7Gze2:1vnWLT:_mw-olpH7-JRk3EPhHtbu2M7Y40nJdMDQp7xKmInAvw",
    "expire_date": "2026-02-18T06:26:35Z"
  }
},
{
  "model": "core.user",
  "fields": {
    "password": "pbkdf2_sha256$600000$RQBFYzurBB0EfgJWt1rHA1$hzl3h2Qmrf7oGD8qmr9FxL/XvL/Ocr3Beljau+7R/gg=",
    "last_login": "2026-03-15T07:36:52Z",
    "is_superuser": true,
    "username": "admin",
    "first_name": "Admin",
    "last_name": "User",
    "email": "admin@gmail.com",
    "is_staff": true,
    "date_joined": "2025-12-30T09:48:17Z",
    "role": "admin",
    "employee_id": null,
    "phone": null,
    "address": null,
    "date_of_birth": null,
    "gender": null,
    "profile_photo": "",
    "is_active": true,
    "created_at": "2025-12-30T09:48:18Z",
    "updated_at": "2026-03-15T07:24:32Z",
    "groups": [],
    "user_permissions": []
  }
},
{
  "model": "core.user",
  "fields": {
    "password": "pbkdf2_sha256$600000$fgZnBQmavNK1HFVzhBdtcI$mEFrymt/NZYs0kzrQNVfAKhWrOUfbTvSSSlz913h720=",
    "last_login": null,
    "is_superuser": false,
    "username": "dsa1",
    "first_name": "DSA",
    "last_name": "Manager",
    "email": "dsa1@dsaloan.com",
    "is_staff": false,
    "date_joined": "2025-12-30T09:48:19Z",
    "role": "dsa",
    "employee_id": null,
    "phone": null,
    "address": null,
    "date_of_birth": null,
    "gender": null,
    "profile_photo": "",
    "is_active": true,
    "created_at": "2025-12-30T09:48:20Z",
    "updated_at": "2025-12-30T09:48:20Z",
    "groups": [],
    "user_permissions": []
  }
},
{
  "model": "core.user",
  "fields": {
    "password": "pbkdf2_sha256$600000$WFzSsZHH6KXBWcC1aEd0pW$kytnkcHYSeSz3B7pjPj0rK/WLf1YrAhqbfKsqkEGTlo=",
    "last_login": "2026-01-05T13:13:25Z",
    "is_superuser": false,
    "username": "agent1",
    "first_name": "Rajesh",
    "last_name": "Agent",
    "email": "agent1@dsaloan.com",
    "is_staff": false,
    "date_joined": "2025-12-30T09:48:20Z",
    "role": "agent",
    "employee_id": null,
    "phone": null,
    "address": null,
    "date_of_birth": null,
    "gender": null,
    "profile_photo": "",
    "is_active": true,
    "created_at": "2025-12-30T09:48:21Z",
    "updated_at": "2026-01-05T08:22:03Z",
    "groups": [],
    "user_permissions": []
  }
},
{
  "model": "core.user",
  "fields": {
    "password": "pbkdf2_sha256$600000$kOIyZtHK8111fUmVYeEWZU$ymHsnGaL2bxE+onQKDPyFX1plf0rgrtPOb8rVLaxPGk=",
    "last_login": null,
    "is_superuser": false,
    "username": "testadmin",
    "first_name": "Admin",
    "last_name": "User",
    "email": "admin@test.com",
    "is_staff": false,
    "date_joined": "2026-01-04T07:05:30Z",
    "role": "admin",
    "employee_id": null,
    "phone": null,
    "address": null,
    "date_of_birth": null,
    "gender": null,
    "profile_photo": "",
    "is_active": true,
    "created_at": "2026-01-04T07:05:30Z",
    "updated_at": "2026-01-04T07:06:00Z",
    "groups": [],
    "user_permissions": []
  }
},
{
  "model": "core.user",
  "fields": {
    "password": "pbkdf2_sha256$600000$tM50dSbX6QK7RmJ2AJWpvS$RdEdGnuJDTbqCZA+ur6EJArvhqWu1fjhXX/hDag9byY=",
    "last_login": null,
    "is_superuser": false,
    "username": "agent2",
    "first_name": "Agent",
    "last_name": "2",
    "email": "agent2@dsa.com",
    "is_staff": false,
    "date_joined": "2026-01-05T08:22:03Z",
    "role": "agent",
    "employee_id": null,
    "phone": null,
    "address": null,
    "date_of_birth": null,
    "gender": null,
    "profile_photo": "",
    "is_active": true,
    "created_at": "2026-01-05T08:22:03Z",
    "updated_at": "2026-01-05T08:22:04Z",
    "groups": [],
    "user_permissions": []
  }
},
{
  "model": "core.user",
  "fields": {
    "password": "pbkdf2_sha256$600000$SFyHhZ03nNfM3uSaWodxbL$3+FefhQR8YxPadGrk6mdXcWVlS29JyrmXWEl6L8Joy0=",
    "last_login": null,
    "is_superuser": false,
    "username": "agent3",
    "first_name": "Agent",
    "last_name": "3",
    "email": "agent3@dsa.com",
    "is_staff": false,
    "date_joined": "2026-01-05T08:22:04Z",
    "role": "agent",
    "employee_id": null,
    "phone": null,
    "address": null,
    "date_of_birth": null,
    "gender": null,
    "profile_photo": "",
    "is_active": true,
    "created_at": "2026-01-05T08:22:04Z",
    "updated_at": "2026-01-05T08:22:05Z",
    "groups": [],
    "user_permissions": []
  }
},
{
  "model": "core.user",
  "fields": {
    "password": "pbkdf2_sha256$600000$KS8bOpD3pfkAqfnBl8usU3$mZ0jZXtsRAy2TX4mwouzGq94fvOj2JVGu2sloC45YsM=",
    "last_login": null,
    "is_superuser": false,
    "username": "testagent",
    "first_name": "",
    "last_name": "",
    "email": "testagent@test.com",
    "is_staff": false,
    "date_joined": "2026-01-05T09:02:33Z",
    "role": "agent",
    "employee_id": null,
    "phone": null,
    "address": null,
    "date_of_birth": null,
    "gender": null,
    "profile_photo": "",
    "is_active": true,
    "created_at": "2026-01-05T09:02:33Z",
    "updated_at": "2026-01-05T09:02:33Z",
    "groups": [],
    "user_permissions": []
  }
},
{
  "model": "core.user",
  "fields": {
    "password": "pbkdf2_sha256$600000$W1kdGmFmI9U9WmGMd0rF7P$V6P61RaKqoGx5TZl/GqxKuq1bR5ICFu9vUvJsJUBFYU=",
    "last_login": "2026-02-07T06:11:58Z",
    "is_superuser": false,
    "username": "laxman",
    "first_name": "",
    "last_name": "",
    "email": "lax@gmail.com",
    "is_staff": false,
    "date_joined": "2026-01-05T11:12:54Z",
    "role": "agent",
    "employee_id": null,
    "phone": "906030258",
    "address": null,
    "date_of_birth": null,
    "gender": null,
    "profile_photo": "",
    "is_active": true,
    "created_at": "2026-01-05T11:12:55Z",
    "updated_at": "2026-01-06T06:07:46Z",
    "groups": [],
    "user_permissions": []
  }
},
{
  "model": "core.user",
  "fields": {
    "password": "pbkdf2_sha256$600000$iRuFM8oJcYjCEFL80uhHJU$pw/zSYR2HbW1sQJewUgF01ZlUFmeYODBRrQeJ811X4Q=",
    "last_login": null,
    "is_superuser": false,
    "username": "kumm",
    "first_name": "",
    "last_name": "",
    "email": "kum@gmail.com",
    "is_staff": false,
    "date_joined": "2026-01-05T11:12:55Z",
    "role": "agent",
    "employee_id": null,
    "phone": "9032685741",
    "address": null,
    "date_of_birth": null,
    "gender": null,
    "profile_photo": "",
    "is_active": true,
    "created_at": "2026-01-05T11:12:56Z",
    "updated_at": "2026-01-05T11:12:56Z",
    "groups": [],
    "user_permissions": []
  }
},
{
  "model": "core.user",
  "fields": {
    "password": "pbkdf2_sha256$600000$Qj5wtakt1JMKEZkxnzGpd5$BU5E4XyfJaF00eizLH1Exxv6d17wyR6jdG5KELDGhc0=",
    "last_login": null,
    "is_superuser": false,
    "username": "testagent1",
    "first_name": "",
    "last_name": "",
    "email": "agent@test.com",
    "is_staff": false,
    "date_joined": "2026-01-05T11:12:56Z",
    "role": "agent",
    "employee_id": null,
    "phone": "9876543210",
    "address": null,
    "date_of_birth": null,
    "gender": null,
    "profile_photo": "",
    "is_active": true,
    "created_at": "2026-01-05T11:12:56Z",
    "updated_at": "2026-01-05T11:12:56Z",
    "groups": [],
    "user_permissions": []
  }
},
{
  "model": "core.user",
  "fields": {
    "password": "pbkdf2_sha256$600000$VxSDe3VRFI9cPgQgC7veRG$+4RIzTroq6SJ8QD96ogGm8F1IyUb9a16tjBXAnVZRGk=",
    "last_login": null,
    "is_superuser": false,
    "username": "kou",
    "first_name": "kooo",
    "last_name": "u",
    "email": "ko1@gmail.com",
    "is_staff": false,
    "date_joined": "2026-01-06T06:06:57Z",
    "role": "agent",
    "employee_id": null,
    "phone": null,
    "address": null,
    "date_of_birth": null,
    "gender": null,
    "profile_photo": "",
    "is_active": true,
    "created_at": "2026-01-06T06:06:58Z",
    "updated_at": "2026-01-06T06:06:58Z",
    "groups": [],
    "user_permissions": []
  }
},
{
  "model": "core.user",
  "fields": {
    "password": "pbkdf2_sha256$600000$xIrosvCN7Vi9TUg5gzM34R$yKmpoL6QTf2aqOFtj/4/XaVwYg89VyGQujBYSG4haik=",
    "last_login": "2026-02-04T06:58:03Z",
    "is_superuser": false,
    "username": "laxmi",
    "first_name": "Laxmi",
    "last_name": "Kumari",
    "email": "laxmi@gmail.com",
    "is_staff": false,
    "date_joined": "2026-01-07T11:18:56Z",
    "role": "employee",
    "employee_id": null,
    "phone": "9063214587",
    "address": "",
    "date_of_birth": null,
    "gender": "Female",
    "profile_photo": "",
    "is_active": true,
    "created_at": "2026-01-07T11:18:57Z",
    "updated_at": "2026-02-04T06:58:02Z",
    "groups": [],
    "user_permissions": []
  }
},
{
  "model": "core.user",
  "fields": {
    "password": "pbkdf2_sha256$600000$8UCGNQ1WFuieQvddLI3ia4$/H0O0LnbBEM8XJnPhPVEzKpBsu9J17p+jDOIhdeGzUw=",
    "last_login": "2026-02-07T08:47:26Z",
    "is_superuser": false,
    "username": "laxmi1",
    "first_name": "Laxmi",
    "last_name": "Kumari",
    "email": "laxmi1@gmail.com",
    "is_staff": false,
    "date_joined": "2026-01-07T11:19:12Z",
    "role": "employee",
    "employee_id": null,
    "phone": "9063214587",
    "address": "",
    "date_of_birth": null,
    "gender": "Female",
    "profile_photo": "profile_photos/pragya-pictures-wooden-black-doremon-wall-photo-frames-12-x-18-product-i_3GGFCKG.webp",
    "is_active": true,
    "created_at": "2026-01-07T11:19:14Z",
    "updated_at": "2026-02-04T07:58:42Z",
    "groups": [],
    "user_permissions": []
  }
},
{
  "model": "core.user",
  "fields": {
    "password": "pbkdf2_sha256$600000$YGZjlhdHZsIOsR3OYu9V4C$lN2zznbW/bfcAJuvRl9KOVzFAwjCTeHmwB62LMdwXLU=",
    "last_login": "2026-01-17T07:48:58Z",
    "is_superuser": false,
    "username": "emp",
    "first_name": "emp1",
    "last_name": "",
    "email": "emp@gmail.com",
    "is_staff": false,
    "date_joined": "2026-01-09T14:46:35Z",
    "role": "employee",
    "employee_id": null,
    "phone": "9874012365",
    "address": "",
    "date_of_birth": null,
    "gender": "Other",
    "profile_photo": "",
    "is_active": false,
    "created_at": "2026-01-09T14:46:36Z",
    "updated_at": "2026-02-03T05:39:29Z",
    "groups": [],
    "user_permissions": []
  }
},
{
  "model": "core.user",
  "fields": {
    "password": "pbkdf2_sha256$600000$47jp4poD6kMoHtqBhKTe97$rn8LKQj8k2f0N4iQaSMlXcVFOcswxQ6/4cYZ3IoRrkM=",
    "last_login": null,
    "is_superuser": false,
    "username": "12",
    "first_name": "kummmm",
    "last_name": "",
    "email": "12@gmail.com",
    "is_staff": false,
    "date_joined": "2026-01-12T08:55:58Z",
    "role": "employee",
    "employee_id": null,
    "phone": "9036582147",
    "address": "",
    "date_of_birth": null,
    "gender": "Female",
    "profile_photo": "",
    "is_active": true,
    "created_at": "2026-01-12T08:55:59Z",
    "updated_at": "2026-01-12T08:55:59Z",
    "groups": [],
    "user_permissions": []
  }
},
{
  "model": "core.user",
  "fields": {
    "password": "pbkdf2_sha256$600000$60T5QRYOHbDfCE3NHv4GUG$qOLiP97owuIMpSNrSRRdzexnoxj503Fhzi+sDCERIZQ=",
    "last_login": "2026-02-02T11:22:52Z",
    "is_superuser": false,
    "username": "kam",
    "first_name": "kaaa",
    "last_name": "maa",
    "email": "kam@gmail.com",
    "is_staff": false,
    "date_joined": "2026-02-02T11:21:45Z",
    "role": "employee",
    "employee_id": null,
    "phone": "7894561230",
    "address": "",
    "date_of_birth": null,
    "gender": "Other",
    "profile_photo": "",
    "is_active": true,
    "created_at": "2026-02-02T11:21:46Z",
    "updated_at": "2026-02-02T11:21:46Z",
    "groups": [],
    "user_permissions": []
  }
},
{
  "model": "core.user",
  "fields": {
    "password": "pbkdf2_sha256$600000$O7RnX77y4HYda9ZJyf0QQL$b5HRtppnUBEUCr2Nz/4cd4n4G/AfZX0YNxM5L1ehrUA=",
    "last_login": null,
    "is_superuser": false,
    "username": "testagent2",
    "first_name": "",
    "last_name": "",
    "email": "testagent@example.com",
    "is_staff": false,
    "date_joined": "2026-02-04T06:53:28Z",
    "role": "agent",
    "employee_id": null,
    "phone": "9876543210",
    "address": null,
    "date_of_birth": null,
    "gender": null,
    "profile_photo": "",
    "is_active": true,
    "created_at": "2026-02-04T06:53:29Z",
    "updated_at": "2026-02-04T06:53:29Z",
    "groups": [],
    "user_permissions": []
  }
},
{
  "model": "core.user",
  "fields": {
    "password": "pbkdf2_sha256$600000$45PdyBfu1gCpqo3autiQER$nLV29Eir2tQo6QorH8WDzaEqXvzIIDf01V1o+RWC1uE=",
    "last_login": "2026-02-07T05:45:19Z",
    "is_superuser": false,
    "username": "subadmin01",
    "first_name": "SubAdmin",
    "last_name": "Panel",
    "email": "subadmin01@dsaloanmanagement.com",
    "is_staff": false,
    "date_joined": "2026-02-04T11:27:12Z",
    "role": "subadmin",
    "employee_id": null,
    "phone": "+923001234567",
    "address": null,
    "date_of_birth": null,
    "gender": null,
    "profile_photo": "",
    "is_active": true,
    "created_at": "2026-02-04T11:27:12Z",
    "updated_at": "2026-02-04T11:27:12Z",
    "groups": [],
    "user_permissions": []
  }
},
{
  "model": "core.user",
  "fields": {
    "password": "pbkdf2_sha256$600000$wFYhpVyo3jm2flYkgsr3Kt$gaAzRByypiiXUkh13PzniL6aUNpaMLhunxlstWFqhaU=",
    "last_login": "2026-02-08T09:41:25Z",
    "is_superuser": false,
    "username": "subadmin",
    "first_name": "Sub",
    "last_name": "Admin",
    "email": "subadmin@gmail.com",
    "is_staff": false,
    "date_joined": "2026-02-04T11:27:20Z",
    "role": "subadmin",
    "employee_id": null,
    "phone": null,
    "address": null,
    "date_of_birth": null,
    "gender": null,
    "profile_photo": "",
    "is_active": true,
    "created_at": "2026-02-04T11:27:20Z",
    "updated_at": "2026-03-15T07:24:33Z",
    "groups": [],
    "user_permissions": []
  }
},
{
  "model": "core.user",
  "fields": {
    "password": "pbkdf2_sha256$600000$tqqCvX9RPrJ4u9UfvGWwK9$kP0gNtt2Q9UIL6cJG+OwzgdiZLP6nJ7kjYXYmvBj1Vs=",
    "last_login": null,
    "is_superuser": false,
    "username": "subadmin_test",
    "first_name": "Sub",
    "last_name": "Admin",
    "email": "subadmin_test@test.com",
    "is_staff": false,
    "date_joined": "2026-02-04T12:21:54Z",
    "role": "subadmin",
    "employee_id": null,
    "phone": null,
    "address": null,
    "date_of_birth": null,
    "gender": null,
    "profile_photo": "",
    "is_active": true,
    "created_at": "2026-02-04T12:21:54Z",
    "updated_at": "2026-02-04T12:21:55Z",
    "groups": [],
    "user_permissions": []
  }
},
{
  "model": "core.user",
  "fields": {
    "password": "pbkdf2_sha256$600000$K8sA1eVw0dhD2Qz90wZ9d4$rdu4QoUMDvHv+5N16eIOIw4abmlMgUTeFYioXYL5FWI=",
    "last_login": null,
    "is_superuser": false,
    "username": "as",
    "first_name": "qwe",
    "last_name": "",
    "email": "qw@gmail.com",
    "is_staff": false,
    "date_joined": "2026-02-07T06:04:08Z",
    "role": "subadmin",
    "employee_id": null,
    "phone": "7894563201",
    "address": null,
    "date_of_birth": null,
    "gender": null,
    "profile_photo": "",
    "is_active": true,
    "created_at": "2026-02-07T06:04:09Z",
    "updated_at": "2026-02-07T06:04:09Z",
    "groups": [],
    "user_permissions": []
  }
},
{
  "model": "core.user",
  "fields": {
    "password": "",
    "last_login": null,
    "is_superuser": false,
    "username": "employee1",
    "first_name": "Raj",
    "last_name": "Kumar",
    "email": "employee@dsaloan.com",
    "is_staff": false,
    "date_joined": "2026-02-07T07:57:44Z",
    "role": "employee",
    "employee_id": null,
    "phone": null,
    "address": null,
    "date_of_birth": null,
    "gender": null,
    "profile_photo": "",
    "is_active": true,
    "created_at": "2026-02-07T07:57:44Z",
    "updated_at": "2026-02-07T07:57:44Z",
    "groups": [],
    "user_permissions": []
  }
},
{
  "model": "core.user",
  "fields": {
    "password": "pbkdf2_sha256$600000$gT1SVSHzjG9n0K0rYMExa1$v8qQQ6efXcjFa/ikEMpHe6aG2qVV12oah0V5WfPXXCQ=",
    "last_login": "2026-02-07T11:04:48Z",
    "is_superuser": true,
    "username": "testadmin123",
    "first_name": "",
    "last_name": "",
    "email": "",
    "is_staff": true,
    "date_joined": "2026-02-07T11:04:47Z",
    "role": "employee",
    "employee_id": null,
    "phone": null,
    "address": null,
    "date_of_birth": null,
    "gender": null,
    "profile_photo": "",
    "is_active": true,
    "created_at": "2026-02-07T11:04:48Z",
    "updated_at": "2026-02-07T11:04:48Z",
    "groups": [],
    "user_permissions": []
  }
},
{
  "model": "core.user",
  "fields": {
    "password": "pbkdf2_sha256$600000$ZJvRcalLncR9DYO2rvKBSD$CF4JIgn6qiruigyyTtu1Woep8uBct7pPMXbZbmok6f0=",
    "last_login": "2026-02-07T11:05:44Z",
    "is_superuser": true,
    "username": "testadmin999",
    "first_name": "",
    "last_name": "",
    "email": "",
    "is_staff": true,
    "date_joined": "2026-02-07T11:05:07Z",
    "role": "admin",
    "employee_id": null,
    "phone": null,
    "address": null,
    "date_of_birth": null,
    "gender": null,
    "profile_photo": "",
    "is_active": true,
    "created_at": "2026-02-07T11:05:07Z",
    "updated_at": "2026-02-07T11:05:07Z",
    "groups": [],
    "user_permissions": []
  }
},
{
  "model": "core.user",
  "fields": {
    "password": "pbkdf2_sha256$600000$wg08LNENzXenaQndiPWVCr$EckIg2QHut0Xb/59t9NEV448Ty+n0wpAEYTbQwY2i34=",
    "last_login": null,
    "is_superuser": false,
    "username": "emp12",
    "first_name": "Employee",
    "last_name": "User",
    "email": "emp12@gmail.com",
    "is_staff": false,
    "date_joined": "2026-03-15T06:58:35Z",
    "role": "employee",
    "employee_id": null,
    "phone": null,
    "address": null,
    "date_of_birth": null,
    "gender": null,
    "profile_photo": "",
    "is_active": true,
    "created_at": "2026-03-15T06:58:35Z",
    "updated_at": "2026-03-15T07:24:33Z",
    "groups": [],
    "user_permissions": []
  }
},
{
  "model": "core.user",
  "fields": {
    "password": "pbkdf2_sha256$600000$2p1RlnRVDlCJAa4ty0T8f2$8OwVucVtUBG/4yLKPmDjvGe16vcd2fw5GAAXS2Zc4Fc=",
    "last_login": null,
    "is_superuser": false,
    "username": "agent12",
    "first_name": "Agent",
    "last_name": "User",
    "email": "agent12@gmail.com",
    "is_staff": false,
    "date_joined": "2026-03-15T06:58:35Z",
    "role": "agent",
    "employee_id": null,
    "phone": null,
    "address": null,
    "date_of_birth": null,
    "gender": null,
    "profile_photo": "",
    "is_active": true,
    "created_at": "2026-03-15T06:58:35Z",
    "updated_at": "2026-03-15T07:24:34Z",
    "groups": [],
    "user_permissions": []
  }
},
{
  "model": "core.agent",
  "pk": 1,
  "fields": {
    "user": [
      "testagent1"
    ],
    "agent_id": null,
    "name": "Test Agent",
    "phone": "9876543210",
    "email": "agent@test.com",
    "address": null,
    "date_of_birth": null,
    "gender": null,
    "city": null,
    "state": null,
    "pin_code": null,
    "profile_photo": "",
    "status": "active",
    "created_by": null,
    "created_at": "2026-01-05T05:34:03Z",
    "updated_at": "2026-01-05T11:12:56Z"
  }
},
{
  "model": "core.agent",
  "pk": 2,
  "fields": {
    "user": [
      "kumm"
    ],
    "agent_id": null,
    "name": "kumm",
    "phone": "9032685741",
    "email": "kum@gmail.com",
    "address": "nonoo",
    "date_of_birth": null,
    "gender": null,
    "city": null,
    "state": null,
    "pin_code": null,
    "profile_photo": "",
    "status": "active",
    "created_by": [
      "admin"
    ],
    "created_at": "2026-01-05T09:26:41Z",
    "updated_at": "2026-01-05T11:12:56Z"
  }
},
{
  "model": "core.agent",
  "pk": 3,
  "fields": {
    "user": [
      "laxman"
    ],
    "agent_id": null,
    "name": "laxman",
    "phone": "906030258",
    "email": "lax@gmail.com",
    "address": "cwdwd",
    "date_of_birth": null,
    "gender": null,
    "city": null,
    "state": null,
    "pin_code": null,
    "profile_photo": "agent_photos/ChatGPT_Image_Jan_5_2026_05_46_30_PM.png",
    "status": "active",
    "created_by": [
      "admin"
    ],
    "created_at": "2026-01-05T11:10:14Z",
    "updated_at": "2026-01-06T06:07:46Z"
  }
},
{
  "model": "core.agent",
  "pk": 4,
  "fields": {
    "user": [
      "kou"
    ],
    "agent_id": null,
    "name": "kooo u",
    "phone": "",
    "email": null,
    "address": null,
    "date_of_birth": null,
    "gender": null,
    "city": null,
    "state": null,
    "pin_code": null,
    "profile_photo": "",
    "status": "active",
    "created_by": [
      "laxman"
    ],
    "created_at": "2026-01-06T06:06:58Z",
    "updated_at": "2026-01-06T06:06:58Z"
  }
},
{
  "model": "core.agent",
  "pk": 5,
  "fields": {
    "user": [
      "testagent2"
    ],
    "agent_id": null,
    "name": "Test Agent",
    "phone": "9876543210",
    "email": "testagent@example.com",
    "address": null,
    "date_of_birth": null,
    "gender": null,
    "city": null,
    "state": null,
    "pin_code": null,
    "profile_photo": "",
    "status": "active",
    "created_by": [
      "laxmi"
    ],
    "created_at": "2026-02-04T06:53:29Z",
    "updated_at": "2026-02-04T06:53:29Z"
  }
},
{
  "model": "core.agent",
  "pk": 6,
  "fields": {
    "user": [
      "agent1"
    ],
    "agent_id": "AG001",
    "name": "",
    "phone": "",
    "email": null,
    "address": null,
    "date_of_birth": null,
    "gender": null,
    "city": "Delhi",
    "state": null,
    "pin_code": null,
    "profile_photo": "",
    "status": "active",
    "created_by": null,
    "created_at": "2026-02-07T07:58:27Z",
    "updated_at": "2026-02-07T07:58:27Z"
  }
},
{
  "model": "core.agent",
  "pk": 7,
  "fields": {
    "user": [
      "agent12"
    ],
    "agent_id": "AGENT000039",
    "name": "Agent User",
    "phone": "9999999999",
    "email": "agent12@gmail.com",
    "address": null,
    "date_of_birth": null,
    "gender": null,
    "city": null,
    "state": null,
    "pin_code": null,
    "profile_photo": "",
    "status": "active",
    "created_by": [
      "admin"
    ],
    "created_at": "2026-03-15T06:58:35Z",
    "updated_at": "2026-03-15T07:24:34Z"
  }
},
{
  "model": "core.loan",
  "pk": 19,
  "fields": {
    "full_name": "Test Applicant 1",
    "user_id": "USR202602071000",
    "username": null,
    "password": null,
    "mobile_number": "9876543210",
    "email": "app1@email.com",
    "city": null,
    "state": null,
    "pin_code": null,
    "permanent_address": null,
    "current_address": null,
    "loan_type": "personal",
    "loan_amount": "50000",
    "tenure_months": null,
    "interest_rate": null,
    "emi": null,
    "loan_purpose": null,
    "bank_name": null,
    "bank_account_number": null,
    "bank_ifsc_code": null,
    "bank_type": null,
    "applicant_type": "employee",
    "assigned_employee": null,
    "assigned_agent": null,
    "status": "new_entry",
    "assigned_at": null,
    "action_taken_at": null,
    "follow_up_triggered_at": null,
    "requires_follow_up": false,
    "has_co_applicant": false,
    "co_applicant_name": null,
    "co_applicant_phone": null,
    "co_applicant_email": null,
    "has_guarantor": false,
    "guarantor_name": null,
    "guarantor_phone": null,
    "guarantor_email": null,
    "remarks": null,
    "created_by": [
      "admin"
    ],
    "created_at": "2026-02-07T07:59:17Z",
    "updated_at": "2026-02-07T07:59:17Z"
  }
},
{
  "model": "core.loan",
  "pk": 20,
  "fields": {
    "full_name": "Test Applicant 2",
    "user_id": "USR202602071001",
    "username": null,
    "password": null,
    "mobile_number": "9876543211",
    "email": "app2@email.com",
    "city": null,
    "state": null,
    "pin_code": null,
    "permanent_address": null,
    "current_address": null,
    "loan_type": "home",
    "loan_amount": "75000",
    "tenure_months": null,
    "interest_rate": null,
    "emi": null,
    "loan_purpose": null,
    "bank_name": null,
    "bank_account_number": null,
    "bank_ifsc_code": null,
    "bank_type": null,
    "applicant_type": "employee",
    "assigned_employee": null,
    "assigned_agent": null,
    "status": "approved",
    "assigned_at": null,
    "action_taken_at": null,
    "follow_up_triggered_at": null,
    "requires_follow_up": false,
    "has_co_applicant": false,
    "co_applicant_name": null,
    "co_applicant_phone": null,
    "co_applicant_email": null,
    "has_guarantor": false,
    "guarantor_name": null,
    "guarantor_phone": null,
    "guarantor_email": null,
    "remarks": null,
    "created_by": [
      "admin"
    ],
    "created_at": "2026-02-07T07:59:17Z",
    "updated_at": "2026-02-07T07:59:17Z"
  }
},
{
  "model": "core.loan",
  "pk": 21,
  "fields": {
    "full_name": "Test Applicant 3",
    "user_id": "USR202602071002",
    "username": null,
    "password": null,
    "mobile_number": "9876543212",
    "email": "app3@email.com",
    "city": null,
    "state": null,
    "pin_code": null,
    "permanent_address": null,
    "current_address": null,
    "loan_type": "lap",
    "loan_amount": "100000",
    "tenure_months": null,
    "interest_rate": null,
    "emi": null,
    "loan_purpose": null,
    "bank_name": null,
    "bank_account_number": null,
    "bank_ifsc_code": null,
    "bank_type": null,
    "applicant_type": "employee",
    "assigned_employee": null,
    "assigned_agent": null,
    "status": "rejected",
    "assigned_at": null,
    "action_taken_at": null,
    "follow_up_triggered_at": null,
    "requires_follow_up": false,
    "has_co_applicant": false,
    "co_applicant_name": null,
    "co_applicant_phone": null,
    "co_applicant_email": null,
    "has_guarantor": false,
    "guarantor_name": null,
    "guarantor_phone": null,
    "guarantor_email": null,
    "remarks": null,
    "created_by": [
      "admin"
    ],
    "created_at": "2026-02-07T07:59:18Z",
    "updated_at": "2026-02-07T07:59:18Z"
  }
},
{
  "model": "core.loan",
  "pk": 22,
  "fields": {
    "full_name": "Test Applicant 4",
    "user_id": "USR202602071003",
    "username": null,
    "password": null,
    "mobile_number": "9876543213",
    "email": "app4@email.com",
    "city": null,
    "state": null,
    "pin_code": null,
    "permanent_address": null,
    "current_address": null,
    "loan_type": "business",
    "loan_amount": "150000",
    "tenure_months": null,
    "interest_rate": null,
    "emi": null,
    "loan_purpose": null,
    "bank_name": null,
    "bank_account_number": null,
    "bank_ifsc_code": null,
    "bank_type": null,
    "applicant_type": "employee",
    "assigned_employee": null,
    "assigned_agent": null,
    "status": "disbursed",
    "assigned_at": null,
    "action_taken_at": null,
    "follow_up_triggered_at": null,
    "requires_follow_up": false,
    "has_co_applicant": false,
    "co_applicant_name": null,
    "co_applicant_phone": null,
    "co_applicant_email": null,
    "has_guarantor": false,
    "guarantor_name": null,
    "guarantor_phone": null,
    "guarantor_email": null,
    "remarks": null,
    "created_by": [
      "admin"
    ],
    "created_at": "2026-02-07T07:59:18Z",
    "updated_at": "2026-02-07T07:59:18Z"
  }
},
{
  "model": "core.loan",
  "pk": 23,
  "fields": {
    "full_name": "Test Applicant 5",
    "user_id": "USR202602071004",
    "username": null,
    "password": null,
    "mobile_number": "9876543214",
    "email": "app5@email.com",
    "city": null,
    "state": null,
    "pin_code": null,
    "permanent_address": null,
    "current_address": null,
    "loan_type": "education",
    "loan_amount": "200000",
    "tenure_months": null,
    "interest_rate": null,
    "emi": null,
    "loan_purpose": null,
    "bank_name": null,
    "bank_account_number": null,
    "bank_ifsc_code": null,
    "bank_type": null,
    "applicant_type": "employee",
    "assigned_employee": null,
    "assigned_agent": null,
    "status": "approved",
    "assigned_at": null,
    "action_taken_at": null,
    "follow_up_triggered_at": null,
    "requires_follow_up": false,
    "has_co_applicant": false,
    "co_applicant_name": null,
    "co_applicant_phone": null,
    "co_applicant_email": null,
    "has_guarantor": false,
    "guarantor_name": null,
    "guarantor_phone": null,
    "guarantor_email": null,
    "remarks": null,
    "created_by": [
      "admin"
    ],
    "created_at": "2026-02-07T07:59:18Z",
    "updated_at": "2026-02-07T07:59:18Z"
  }
},
{
  "model": "core.complaint",
  "pk": 11,
  "fields": {
    "complaint_id": "COMP-000001",
    "customer_name": "Priya Sharma",
    "loan": null,
    "filed_by_employee": [
      "employee1"
    ],
    "filed_by_agent": null,
    "complaint_type": "service",
    "priority": "high",
    "status": "open",
    "description": "My loan application is taking too long. Applied 2 weeks ago, still waiting for approval.",
    "assigned_admin": null,
    "created_by": [
      "admin"
    ],
    "created_at": "2026-02-07T07:59:17Z",
    "updated_at": "2026-02-07T07:59:17Z",
    "resolved_at": null
  }
},
{
  "model": "core.complaint",
  "pk": 12,
  "fields": {
    "complaint_id": "COMP-000002",
    "customer_name": "Vikas Patel",
    "loan": null,
    "filed_by_employee": null,
    "filed_by_agent": 6,
    "complaint_type": "documentation",
    "priority": "medium",
    "status": "in_progress",
    "description": "I was asked for PAN card but I already submitted it in my first application.",
    "assigned_admin": null,
    "created_by": [
      "admin"
    ],
    "created_at": "2026-02-07T07:59:17Z",
    "updated_at": "2026-02-07T07:59:17Z",
    "resolved_at": null
  }
},
{
  "model": "core.complaint",
  "pk": 13,
  "fields": {
    "complaint_id": "COMP-000003",
    "customer_name": "Amit Singh",
    "loan": null,
    "filed_by_employee": [
      "employee1"
    ],
    "filed_by_agent": null,
    "complaint_type": "service",
    "priority": "high",
    "status": "open",
    "description": "The agent was rude and unprofessional during the verification call. Needs improvement.",
    "assigned_admin": null,
    "created_by": [
      "admin"
    ],
    "created_at": "2026-02-07T07:59:17Z",
    "updated_at": "2026-02-07T07:59:17Z",
    "resolved_at": null
  }
},
{
  "model": "core.complaint",
  "pk": 14,
  "fields": {
    "complaint_id": "COMP-000004",
    "customer_name": "Neha Gupta",
    "loan": null,
    "filed_by_employee": [
      "employee1"
    ],
    "filed_by_agent": null,
    "complaint_type": "service",
    "priority": "low",
    "status": "resolved",
    "description": "Getting 404 errors when trying to upload documents. Please fix.",
    "assigned_admin": null,
    "created_by": [
      "admin"
    ],
    "created_at": "2026-02-07T07:59:17Z",
    "updated_at": "2026-02-07T07:59:17Z",
    "resolved_at": null
  }
},
{
  "model": "core.complaint",
  "pk": 15,
  "fields": {
    "complaint_id": "COMP-000005",
    "customer_name": "Rohit Kumar",
    "loan": null,
    "filed_by_employee": [
      "employee1"
    ],
    "filed_by_agent": null,
    "complaint_type": "payment",
    "priority": "medium",
    "status": "in_progress",
    "description": "The interest rate displayed is different from what was quoted. Need clarification.",
    "assigned_admin": null,
    "created_by": [
      "admin"
    ],
    "created_at": "2026-02-07T07:59:17Z",
    "updated_at": "2026-02-07T07:59:17Z",
    "resolved_at": null
  }
},
{
  "model": "core.activitylog",
  "pk": 1,
  "fields": {
    "action": "loan_added",
    "description": "New loan added for 'Ram Kumar' (employee)",
    "user": [
      "admin"
    ],
    "related_loan": null,
    "related_agent": null,
    "related_complaint": null,
    "created_at": "2025-12-30T12:49:53Z"
  }
},
{
  "model": "core.activitylog",
  "pk": 2,
  "fields": {
    "action": "loan_added",
    "description": "User 'admin' logged in",
    "user": [
      "admin"
    ],
    "related_loan": null,
    "related_agent": null,
    "related_complaint": null,
    "created_at": "2026-01-03T06:19:33Z"
  }
},
{
  "model": "core.activitylog",
  "pk": 3,
  "fields": {
    "action": "loan_added",
    "description": "New loan added for 'cewcecec' (employee)",
    "user": [
      "admin"
    ],
    "related_loan": null,
    "related_agent": null,
    "related_complaint": null,
    "created_at": "2026-01-03T06:26:55Z"
  }
},
{
  "model": "core.activitylog",
  "pk": 4,
  "fields": {
    "action": "loan_added",
    "description": "New Employee application from Tbhnuj",
    "user": null,
    "related_loan": null,
    "related_agent": null,
    "related_complaint": null,
    "created_at": "2026-01-04T06:46:29Z"
  }
},
{
  "model": "core.activitylog",
  "pk": 5,
  "fields": {
    "action": "application_assigned",
    "description": "Application Tbhnuj assigned to Ram Kumar",
    "user": null,
    "related_loan": null,
    "related_agent": null,
    "related_complaint": null,
    "created_at": "2026-01-04T07:17:07Z"
  }
},
{
  "model": "core.activitylog",
  "pk": 6,
  "fields": {
    "action": "application_assigned",
    "description": "Application Tmnjnhnkihnk assigned to Ram Kumar",
    "user": null,
    "related_loan": null,
    "related_agent": null,
    "related_complaint": null,
    "created_at": "2026-01-04T07:40:51Z"
  }
},
{
  "model": "core.activitylog",
  "pk": 7,
  "fields": {
    "action": "loan_added",
    "description": "Admin 'admin' logged in",
    "user": [
      "admin"
    ],
    "related_loan": null,
    "related_agent": null,
    "related_complaint": null,
    "created_at": "2026-01-05T07:47:06Z"
  }
},
{
  "model": "core.activitylog",
  "pk": 8,
  "fields": {
    "action": "loan_added",
    "description": "Admin 'admin' logged in",
    "user": [
      "admin"
    ],
    "related_loan": null,
    "related_agent": null,
    "related_complaint": null,
    "created_at": "2026-01-05T07:55:41Z"
  }
},
{
  "model": "core.activitylog",
  "pk": 9,
  "fields": {
    "action": "loan_added",
    "description": "Admin 'admin' logged in",
    "user": [
      "admin"
    ],
    "related_loan": null,
    "related_agent": null,
    "related_complaint": null,
    "created_at": "2026-01-05T08:23:19Z"
  }
},
{
  "model": "core.activitylog",
  "pk": 10,
  "fields": {
    "action": "loan_added",
    "description": "Admin 'admin' logged in",
    "user": [
      "admin"
    ],
    "related_loan": null,
    "related_agent": null,
    "related_complaint": null,
    "created_at": "2026-01-05T08:56:01Z"
  }
},
{
  "model": "core.activitylog",
  "pk": 11,
  "fields": {
    "action": "loan_added",
    "description": "Admin 'admin' logged in",
    "user": [
      "admin"
    ],
    "related_loan": null,
    "related_agent": null,
    "related_complaint": null,
    "created_at": "2026-01-05T09:09:01Z"
  }
},
{
  "model": "core.activitylog",
  "pk": 12,
  "fields": {
    "action": "application_approved",
    "description": "Application Tmnjnhnkihnk approved by Admin",
    "user": null,
    "related_loan": null,
    "related_agent": null,
    "related_complaint": null,
    "created_at": "2026-01-05T09:11:51Z"
  }
},
{
  "model": "core.activitylog",
  "pk": 13,
  "fields": {
    "action": "application_approved",
    "description": "Application Tbhnuj approved by Admin",
    "user": null,
    "related_loan": null,
    "related_agent": null,
    "related_complaint": null,
    "created_at": "2026-01-05T09:23:48Z"
  }
},
{
  "model": "core.activitylog",
  "pk": 14,
  "fields": {
    "action": "agent_registered",
    "description": "New agent 'kumm' registered",
    "user": [
      "admin"
    ],
    "related_loan": null,
    "related_agent": 2,
    "related_complaint": null,
    "created_at": "2026-01-05T09:26:42Z"
  }
},
{
  "model": "core.activitylog",
  "pk": 15,
  "fields": {
    "action": "loan_added",
    "description": "Admin 'admin' logged in",
    "user": [
      "admin"
    ],
    "related_loan": null,
    "related_agent": null,
    "related_complaint": null,
    "created_at": "2026-01-05T10:26:06Z"
  }
},
{
  "model": "core.activitylog",
  "pk": 16,
  "fields": {
    "action": "loan_added",
    "description": "Admin 'admin' logged in",
    "user": [
      "admin"
    ],
    "related_loan": null,
    "related_agent": null,
    "related_complaint": null,
    "created_at": "2026-01-05T10:26:35Z"
  }
},
{
  "model": "core.activitylog",
  "pk": 17,
  "fields": {
    "action": "loan_added",
    "description": "Admin 'admin' logged in",
    "user": [
      "admin"
    ],
    "related_loan": null,
    "related_agent": null,
    "related_complaint": null,
    "created_at": "2026-01-05T10:26:48Z"
  }
},
{
  "model": "core.activitylog",
  "pk": 18,
  "fields": {
    "action": "loan_added",
    "description": "Admin 'admin' logged in",
    "user": [
      "admin"
    ],
    "related_loan": null,
    "related_agent": null,
    "related_complaint": null,
    "created_at": "2026-01-05T10:27:28Z"
  }
},
{
  "model": "core.activitylog",
  "pk": 19,
  "fields": {
    "action": "loan_added",
    "description": "Admin 'admin' logged in",
    "user": [
      "admin"
    ],
    "related_loan": null,
    "related_agent": null,
    "related_complaint": null,
    "created_at": "2026-01-05T10:27:46Z"
  }
},
{
  "model": "core.activitylog",
  "pk": 20,
  "fields": {
    "action": "agent_registered",
    "description": "New agent 'laxman' registered",
    "user": [
      "admin"
    ],
    "related_loan": null,
    "related_agent": 3,
    "related_complaint": null,
    "created_at": "2026-01-05T11:10:14Z"
  }
},
{
  "model": "core.activitylog",
  "pk": 21,
  "fields": {
    "action": "loan_added",
    "description": "Admin 'admin' logged in",
    "user": [
      "admin"
    ],
    "related_loan": null,
    "related_agent": null,
    "related_complaint": null,
    "created_at": "2026-01-05T11:10:57Z"
  }
},
{
  "model": "core.activitylog",
  "pk": 22,
  "fields": {
    "action": "loan_added",
    "description": "Admin 'admin' logged in",
    "user": [
      "admin"
    ],
    "related_loan": null,
    "related_agent": null,
    "related_complaint": null,
    "created_at": "2026-01-05T11:23:29Z"
  }
},
{
  "model": "core.activitylog",
  "pk": 23,
  "fields": {
    "action": "loan_added",
    "description": "Admin 'admin' logged in",
    "user": [
      "admin"
    ],
    "related_loan": null,
    "related_agent": null,
    "related_complaint": null,
    "created_at": "2026-01-05T11:38:04Z"
  }
},
{
  "model": "core.activitylog",
  "pk": 24,
  "fields": {
    "action": "loan_added",
    "description": "Admin 'admin' logged in",
    "user": [
      "admin"
    ],
    "related_loan": null,
    "related_agent": null,
    "related_complaint": null,
    "created_at": "2026-01-05T11:38:34Z"
  }
},
{
  "model": "core.activitylog",
  "pk": 25,
  "fields": {
    "action": "loan_added",
    "description": "Admin 'admin' logged in",
    "user": [
      "admin"
    ],
    "related_loan": null,
    "related_agent": null,
    "related_complaint": null,
    "created_at": "2026-01-05T11:45:50Z"
  }
},
{
  "model": "core.activitylog",
  "pk": 26,
  "fields": {
    "action": "loan_added",
    "description": "Admin 'admin' logged in",
    "user": [
      "admin"
    ],
    "related_loan": null,
    "related_agent": null,
    "related_complaint": null,
    "created_at": "2026-01-05T12:00:47Z"
  }
},
{
  "model": "core.activitylog",
  "pk": 27,
  "fields": {
    "action": "loan_added",
    "description": "Admin 'admin' logged in",
    "user": [
      "admin"
    ],
    "related_loan": null,
    "related_agent": null,
    "related_complaint": null,
    "created_at": "2026-01-06T07:05:15Z"
  }
},
{
  "model": "core.activitylog",
  "pk": 28,
  "fields": {
    "action": "loan_added",
    "description": "Admin 'admin' logged in",
    "user": [
      "admin"
    ],
    "related_loan": null,
    "related_agent": null,
    "related_complaint": null,
    "created_at": "2026-01-06T12:16:04Z"
  }
},
{
  "model": "core.activitylog",
  "pk": 29,
  "fields": {
    "action": "application_approved",
    "description": "Application Gooo approved by Admin",
    "user": null,
    "related_loan": null,
    "related_agent": null,
    "related_complaint": null,
    "created_at": "2026-01-12T08:19:13Z"
  }
},
{
  "model": "core.activitylog",
  "pk": 30,
  "fields": {
    "action": "status_updated",
    "description": "Auto-moved Bgbsge from Waiting to Follow-up (24hr timeout)",
    "user": null,
    "related_loan": null,
    "related_agent": null,
    "related_complaint": null,
    "created_at": "2026-01-17T05:26:25Z"
  }
},
{
  "model": "core.activitylog",
  "pk": 31,
  "fields": {
    "action": "loan_added",
    "description": "Admin 'admin' logged in",
    "user": [
      "admin"
    ],
    "related_loan": null,
    "related_agent": null,
    "related_complaint": null,
    "created_at": "2026-02-03T10:43:49Z"
  }
},
{
  "model": "core.activitylog",
  "pk": 32,
  "fields": {
    "action": "loan_added",
    "description": "Admin 'admin' logged in",
    "user": [
      "admin"
    ],
    "related_loan": null,
    "related_agent": null,
    "related_complaint": null,
    "created_at": "2026-02-03T11:03:58Z"
  }
},
{
  "model": "core.activitylog",
  "pk": 33,
  "fields": {
    "action": "Assigned loan to laxmi",
    "description": "Admin assigned loan #17 (Amit Patel) to employee laxmi",
    "user": [
      "admin"
    ],
    "related_loan": null,
    "related_agent": null,
    "related_complaint": null,
    "created_at": "2026-02-04T06:12:30Z"
  }
},
{
  "model": "core.activitylog",
  "pk": 34,
  "fields": {
    "action": "Assigned loan to laxmi1",
    "description": "Admin assigned loan #16 (Priya Singh) to employee laxmi1",
    "user": [
      "admin"
    ],
    "related_loan": null,
    "related_agent": null,
    "related_complaint": null,
    "created_at": "2026-02-04T06:12:30Z"
  }
},
{
  "model": "core.activitylog",
  "pk": 35,
  "fields": {
    "action": "Assigned loan to emp",
    "description": "Admin assigned loan #15 (tgggdst) to employee emp",
    "user": [
      "admin"
    ],
    "related_loan": null,
    "related_agent": null,
    "related_complaint": null,
    "created_at": "2026-02-04T06:12:30Z"
  }
},
{
  "model": "core.activitylog",
  "pk": 36,
  "fields": {
    "action": "Assigned loan to 12",
    "description": "Admin assigned loan #14 (Test User Rajesh) to employee 12",
    "user": [
      "admin"
    ],
    "related_loan": null,
    "related_agent": null,
    "related_complaint": null,
    "created_at": "2026-02-04T06:12:31Z"
  }
},
{
  "model": "core.activitylog",
  "pk": 37,
  "fields": {
    "action": "Assigned loan to kam",
    "description": "Admin assigned loan #13 (kakudi) to employee kam",
    "user": [
      "admin"
    ],
    "related_loan": null,
    "related_agent": null,
    "related_complaint": null,
    "created_at": "2026-02-04T06:12:31Z"
  }
},
{
  "model": "core.activitylog",
  "pk": 38,
  "fields": {
    "action": "Assigned loan to laxmi",
    "description": "Admin assigned loan #12 (Waiting for Processing Applicant 2) to employee laxmi",
    "user": [
      "admin"
    ],
    "related_loan": null,
    "related_agent": null,
    "related_complaint": null,
    "created_at": "2026-02-04T06:12:31Z"
  }
},
{
  "model": "core.activitylog",
  "pk": 39,
  "fields": {
    "action": "Assigned loan to laxmi1",
    "description": "Admin assigned loan #11 (Waiting for Processing Applicant 1) to employee laxmi1",
    "user": [
      "admin"
    ],
    "related_loan": null,
    "related_agent": null,
    "related_complaint": null,
    "created_at": "2026-02-04T06:12:31Z"
  }
},
{
  "model": "core.activitylog",
  "pk": 40,
  "fields": {
    "action": "Assigned loan to emp",
    "description": "Admin assigned loan #10 (Vikas Desai) to employee emp",
    "user": [
      "admin"
    ],
    "related_loan": null,
    "related_agent": null,
    "related_complaint": null,
    "created_at": "2026-02-04T06:12:31Z"
  }
},
{
  "model": "core.activitylog",
  "pk": 41,
  "fields": {
    "action": "agent_created",
    "description": "Employee Laxmi Kumari created agent Test Agent",
    "user": [
      "laxmi"
    ],
    "related_loan": null,
    "related_agent": null,
    "related_complaint": null,
    "created_at": "2026-02-04T06:53:29Z"
  }
},
{
  "model": "core.activitylog",
  "pk": 42,
  "fields": {
    "action": "loan_added",
    "description": "Subadmin 'subadmin' logged in",
    "user": [
      "subadmin"
    ],
    "related_loan": null,
    "related_agent": null,
    "related_complaint": null,
    "created_at": "2026-02-04T11:30:06Z"
  }
},
{
  "model": "core.activitylog",
  "pk": 43,
  "fields": {
    "action": "loan_added",
    "description": "Subadmin 'subadmin' logged in",
    "user": [
      "subadmin"
    ],
    "related_loan": null,
    "related_agent": null,
    "related_complaint": null,
    "created_at": "2026-02-04T12:18:04Z"
  }
},
{
  "model": "core.activitylog",
  "pk": 44,
  "fields": {
    "action": "loan_added",
    "description": "Admin 'admin' logged in",
    "user": [
      "admin"
    ],
    "related_loan": null,
    "related_agent": null,
    "related_complaint": null,
    "created_at": "2026-02-07T07:00:49Z"
  }
},
{
  "model": "core.activitylog",
  "pk": 45,
  "fields": {
    "action": "loan_added",
    "description": "Subadmin 'subadmin' logged in",
    "user": [
      "subadmin"
    ],
    "related_loan": null,
    "related_agent": null,
    "related_complaint": null,
    "created_at": "2026-02-07T08:23:04Z"
  }
},
{
  "model": "core.activitylog",
  "pk": 46,
  "fields": {
    "action": "loan_added",
    "description": "Subadmin 'subadmin' logged in",
    "user": [
      "subadmin"
    ],
    "related_loan": null,
    "related_agent": null,
    "related_complaint": null,
    "created_at": "2026-02-07T08:41:45Z"
  }
},
{
  "model": "core.activitylog",
  "pk": 47,
  "fields": {
    "action": "loan_added",
    "description": "Admin 'admin' logged in",
    "user": [
      "admin"
    ],
    "related_loan": null,
    "related_agent": null,
    "related_complaint": null,
    "created_at": "2026-02-07T08:46:09Z"
  }
},
{
  "model": "core.activitylog",
  "pk": 48,
  "fields": {
    "action": "loan_added",
    "description": "Subadmin 'subadmin' logged in",
    "user": [
      "subadmin"
    ],
    "related_loan": null,
    "related_agent": null,
    "related_complaint": null,
    "created_at": "2026-02-07T09:23:13Z"
  }
},
{
  "model": "core.activitylog",
  "pk": 49,
  "fields": {
    "action": "loan_added",
    "description": "Admin 'admin' logged in",
    "user": [
      "admin"
    ],
    "related_loan": null,
    "related_agent": null,
    "related_complaint": null,
    "created_at": "2026-02-07T16:39:29Z"
  }
},
{
  "model": "core.activitylog",
  "pk": 50,
  "fields": {
    "action": "loan_added",
    "description": "Admin 'admin' logged in",
    "user": [
      "admin"
    ],
    "related_loan": null,
    "related_agent": null,
    "related_complaint": null,
    "created_at": "2026-02-07T16:39:52Z"
  }
},
{
  "model": "core.activitylog",
  "pk": 51,
  "fields": {
    "action": "loan_added",
    "description": "Admin 'admin' logged in",
    "user": [
      "admin"
    ],
    "related_loan": null,
    "related_agent": null,
    "related_complaint": null,
    "created_at": "2026-02-07T16:41:06Z"
  }
},
{
  "model": "core.activitylog",
  "pk": 52,
  "fields": {
    "action": "loan_added",
    "description": "Admin 'admin' logged in",
    "user": [
      "admin"
    ],
    "related_loan": null,
    "related_agent": null,
    "related_complaint": null,
    "created_at": "2026-02-07T16:41:31Z"
  }
},
{
  "model": "core.activitylog",
  "pk": 53,
  "fields": {
    "action": "loan_added",
    "description": "Admin 'admin' logged in",
    "user": [
      "admin"
    ],
    "related_loan": null,
    "related_agent": null,
    "related_complaint": null,
    "created_at": "2026-02-07T16:42:54Z"
  }
},
{
  "model": "core.activitylog",
  "pk": 54,
  "fields": {
    "action": "loan_added",
    "description": "Subadmin 'subadmin' logged in",
    "user": [
      "subadmin"
    ],
    "related_loan": null,
    "related_agent": null,
    "related_complaint": null,
    "created_at": "2026-02-08T05:44:32Z"
  }
},
{
  "model": "core.applicant",
  "pk": 1,
  "fields": {
    "role": "employee",
    "full_name": "Bgbsge",
    "username": "Bwdws",
    "mobile": "9032147856",
    "email": "ds@gmail.com",
    "city": "edfwdsx",
    "state": "Odisha",
    "pin_code": "805203",
    "gender": "female",
    "loan_type": "home",
    "loan_amount": "80000",
    "tenure_months": 12,
    "interest_rate": "8",
    "emi": "6959",
    "loan_purpose": "study",
    "bank_name": "dsvewfw",
    "bank_type": "private",
    "account_number": "HH7896541",
    "ifsc_code": "UHT2140",
    "status": "New Entry",
    "created_at": "2026-01-04T06:14:54Z",
    "updated_at": "2026-01-04T06:14:54Z"
  }
},
{
  "model": "core.applicant",
  "pk": 2,
  "fields": {
    "role": "",
    "full_name": "Rakhi",
    "username": "",
    "mobile": "9874563201",
    "email": "r1233@gmail.com",
    "city": "",
    "state": "",
    "pin_code": "",
    "gender": "",
    "loan_type": null,
    "loan_amount": null,
    "tenure_months": null,
    "interest_rate": null,
    "emi": null,
    "loan_purpose": null,
    "bank_name": null,
    "bank_type": null,
    "account_number": null,
    "ifsc_code": null,
    "status": "New Entry",
    "created_at": "2026-01-04T06:19:17Z",
    "updated_at": "2026-01-12T11:20:01Z"
  }
},
{
  "model": "core.applicant",
  "pk": 3,
  "fields": {
    "role": "employee",
    "full_name": "Gooo",
    "username": "goo",
    "mobile": "9301254786",
    "email": "go@gmail.com",
    "city": "Rbst",
    "state": "Odisha",
    "pin_code": "8452631",
    "gender": "male",
    "loan_type": "lap",
    "loan_amount": "8000",
    "tenure_months": 20,
    "interest_rate": "17",
    "emi": "462",
    "loan_purpose": "study",
    "bank_name": "Raj",
    "bank_type": "private",
    "account_number": "7894526535",
    "ifsc_code": "IBM123654",
    "status": "New Entry",
    "created_at": "2026-01-04T06:24:00Z",
    "updated_at": "2026-01-04T06:24:00Z"
  }
},
{
  "model": "core.applicant",
  "pk": 4,
  "fields": {
    "role": "employee",
    "full_name": "Tmnjnhnkihnk",
    "username": "cvecdec",
    "mobile": "9032145687",
    "email": "cv@gmail.com",
    "city": "NVHV",
    "state": "Odisha",
    "pin_code": "755963",
    "gender": "female",
    "loan_type": "home",
    "loan_amount": "500000",
    "tenure_months": 20,
    "interest_rate": "15",
    "emi": "28410",
    "loan_purpose": "hnujhbjugb",
    "bank_name": "Binjnm khbb",
    "bank_type": "private",
    "account_number": "1452633977",
    "ifsc_code": "IOMGU123654",
    "status": "New Entry",
    "created_at": "2026-01-04T06:41:42Z",
    "updated_at": "2026-01-04T06:41:42Z"
  }
},
{
  "model": "core.applicant",
  "pk": 5,
  "fields": {
    "role": "employee",
    "full_name": "Tbhnuj",
    "username": "nmihnknkn",
    "mobile": "9874563210",
    "email": "yhan@gmail.com",
    "city": "Thaiuanm",
    "state": "Odisha",
    "pin_code": "896322",
    "gender": "female",
    "loan_type": "lap",
    "loan_amount": "120000",
    "tenure_months": 12,
    "interest_rate": "25",
    "emi": "11405",
    "loan_purpose": "cdwdw",
    "bank_name": "SBI",
    "bank_type": "government",
    "account_number": "789653214",
    "ifsc_code": "HUIOM14526398",
    "status": "New Entry",
    "created_at": "2026-01-04T06:46:22Z",
    "updated_at": "2026-01-04T06:46:22Z"
  }
},
{
  "model": "core.applicant",
  "pk": 6,
  "fields": {
    "role": "dsa",
    "full_name": "Test Applicant",
    "username": "test_applicant_9876543210",
    "mobile": "9876543210",
    "email": "applicant@test.com",
    "city": "Test City",
    "state": "Test State",
    "pin_code": "",
    "gender": "",
    "loan_type": "personal_loan",
    "loan_amount": "500000",
    "tenure_months": 24,
    "interest_rate": "12",
    "emi": "23537",
    "loan_purpose": "Education",
    "bank_name": "Test Bank",
    "bank_type": null,
    "account_number": "1234567890",
    "ifsc_code": "TEST0001",
    "status": "New Entry",
    "created_at": "2026-01-04T07:05:44Z",
    "updated_at": "2026-01-04T07:05:44Z"
  }
},
{
  "model": "core.applicant",
  "pk": 7,
  "fields": {
    "role": "agent",
    "full_name": "Test Applicant 1",
    "username": "testapp0",
    "mobile": "999900000",
    "email": "applicant1@test.com",
    "city": "Test City",
    "state": "Test State",
    "pin_code": "123456",
    "gender": "male",
    "loan_type": "personal",
    "loan_amount": "100000",
    "tenure_months": null,
    "interest_rate": null,
    "emi": null,
    "loan_purpose": null,
    "bank_name": null,
    "bank_type": null,
    "account_number": null,
    "ifsc_code": null,
    "status": "waiting",
    "created_at": "2026-01-05T08:20:30Z",
    "updated_at": "2026-01-05T08:20:30Z"
  }
},
{
  "model": "core.loanapplication",
  "pk": 1,
  "fields": {
    "applicant": 1,
    "status": "Waiting for Processing",
    "assigned_agent": null,
    "assigned_employee": [
      "laxmi1"
    ],
    "assigned_at": "2026-01-17T09:16:05Z",
    "assigned_by": [
      "admin"
    ],
    "approved_by": null,
    "approval_notes": null,
    "approved_at": null,
    "rejected_by": null,
    "rejection_reason": null,
    "rejected_at": null,
    "follow_up_scheduled_at": "2026-01-17T05:26:24Z",
    "follow_up_notified_at": null,
    "follow_up_count": 1,
    "disbursed_by": null,
    "disbursed_at": null,
    "disbursement_amount": null,
    "created_at": "2026-01-04T06:14:54Z",
    "updated_at": "2026-01-17T09:16:05Z"
  }
},
{
  "model": "core.loanapplication",
  "pk": 2,
  "fields": {
    "applicant": 2,
    "status": "New Entry",
    "assigned_agent": null,
    "assigned_employee": null,
    "assigned_at": null,
    "assigned_by": null,
    "approved_by": null,
    "approval_notes": null,
    "approved_at": null,
    "rejected_by": null,
    "rejection_reason": null,
    "rejected_at": null,
    "follow_up_scheduled_at": null,
    "follow_up_notified_at": null,
    "follow_up_count": 0,
    "disbursed_by": null,
    "disbursed_at": null,
    "disbursement_amount": null,
    "created_at": "2026-01-04T06:19:18Z",
    "updated_at": "2026-01-04T06:19:18Z"
  }
},
{
  "model": "core.loanapplication",
  "pk": 3,
  "fields": {
    "applicant": 3,
    "status": "Approved",
    "assigned_agent": null,
    "assigned_employee": [
      "laxmi"
    ],
    "assigned_at": "2026-01-07T12:51:21Z",
    "assigned_by": [
      "admin"
    ],
    "approved_by": [
      "admin"
    ],
    "approval_notes": "",
    "approved_at": "2026-01-12T08:19:13Z",
    "rejected_by": null,
    "rejection_reason": null,
    "rejected_at": null,
    "follow_up_scheduled_at": null,
    "follow_up_notified_at": null,
    "follow_up_count": 0,
    "disbursed_by": null,
    "disbursed_at": null,
    "disbursement_amount": null,
    "created_at": "2026-01-04T06:24:00Z",
    "updated_at": "2026-01-12T08:19:13Z"
  }
},
{
  "model": "core.loanapplication",
  "pk": 4,
  "fields": {
    "applicant": 4,
    "status": "Approved",
    "assigned_agent": null,
    "assigned_employee": null,
    "assigned_at": "2026-01-04T07:40:50Z",
    "assigned_by": [
      "admin"
    ],
    "approved_by": [
      "admin"
    ],
    "approval_notes": "done",
    "approved_at": "2026-01-05T09:11:50Z",
    "rejected_by": null,
    "rejection_reason": null,
    "rejected_at": null,
    "follow_up_scheduled_at": null,
    "follow_up_notified_at": null,
    "follow_up_count": 0,
    "disbursed_by": null,
    "disbursed_at": null,
    "disbursement_amount": null,
    "created_at": "2026-01-04T06:41:43Z",
    "updated_at": "2026-01-05T09:11:50Z"
  }
},
{
  "model": "core.loanapplication",
  "pk": 5,
  "fields": {
    "applicant": 5,
    "status": "Approved",
    "assigned_agent": null,
    "assigned_employee": null,
    "assigned_at": "2026-01-04T07:17:07Z",
    "assigned_by": [
      "admin"
    ],
    "approved_by": [
      "admin"
    ],
    "approval_notes": "",
    "approved_at": "2026-01-05T09:23:47Z",
    "rejected_by": null,
    "rejection_reason": null,
    "rejected_at": null,
    "follow_up_scheduled_at": null,
    "follow_up_notified_at": null,
    "follow_up_count": 0,
    "disbursed_by": null,
    "disbursed_at": null,
    "disbursement_amount": null,
    "created_at": "2026-01-04T06:46:23Z",
    "updated_at": "2026-01-05T09:23:47Z"
  }
},
{
  "model": "core.loanapplication",
  "pk": 6,
  "fields": {
    "applicant": 6,
    "status": "Approved",
    "assigned_agent": null,
    "assigned_employee": null,
    "assigned_at": "2026-01-04T07:06:01Z",
    "assigned_by": [
      "testadmin"
    ],
    "approved_by": null,
    "approval_notes": "Application meets all requirements",
    "approved_at": "2026-01-04T07:06:02Z",
    "rejected_by": null,
    "rejection_reason": null,
    "rejected_at": null,
    "follow_up_scheduled_at": null,
    "follow_up_notified_at": null,
    "follow_up_count": 0,
    "disbursed_by": null,
    "disbursed_at": null,
    "disbursement_amount": null,
    "created_at": "2026-01-04T07:06:01Z",
    "updated_at": "2026-01-04T07:06:02Z"
  }
},
{
  "model": "core.applicantdocument",
  "pk": 1,
  "fields": {
    "loan_application": 1,
    "document_type": "photo",
    "file": "applicant_documents/2026/01/04/SaveClip.App_574398431_17869374600466737_1556664919160728817_n.jpg",
    "is_required": true,
    "uploaded_at": "2026-01-04T06:14:55Z"
  }
},
{
  "model": "core.applicantdocument",
  "pk": 2,
  "fields": {
    "loan_application": 1,
    "document_type": "pan_front",
    "file": "applicant_documents/2026/01/04/Screenshot_2025-12-27_110757.png",
    "is_required": true,
    "uploaded_at": "2026-01-04T06:14:55Z"
  }
},
{
  "model": "core.applicantdocument",
  "pk": 3,
  "fields": {
    "loan_application": 1,
    "document_type": "pan_back",
    "file": "applicant_documents/2026/01/04/Screenshot_2025-12-27_110757_xY4NNWT.png",
    "is_required": true,
    "uploaded_at": "2026-01-04T06:14:55Z"
  }
},
{
  "model": "core.applicantdocument",
  "pk": 4,
  "fields": {
    "loan_application": 1,
    "document_type": "aadhaar_front",
    "file": "applicant_documents/2026/01/04/signin-desktop-photography-login.jpg",
    "is_required": true,
    "uploaded_at": "2026-01-04T06:14:55Z"
  }
},
{
  "model": "core.applicantdocument",
  "pk": 5,
  "fields": {
    "loan_application": 1,
    "document_type": "aadhaar_back",
    "file": "applicant_documents/2026/01/04/1_loStqVykVYTM9fBPlr0WyQ.png",
    "is_required": true,
    "uploaded_at": "2026-01-04T06:14:55Z"
  }
},
{
  "model": "core.applicantdocument",
  "pk": 6,
  "fields": {
    "loan_application": 1,
    "document_type": "permanent_address",
    "file": "applicant_documents/2026/01/04/Screenshot_2025-12-24_180950.png",
    "is_required": true,
    "uploaded_at": "2026-01-04T06:14:55Z"
  }
},
{
  "model": "core.applicantdocument",
  "pk": 7,
  "fields": {
    "loan_application": 1,
    "document_type": "current_address",
    "file": "applicant_documents/2026/01/04/Screenshot_2026-01-03_113133.png",
    "is_required": false,
    "uploaded_at": "2026-01-04T06:14:55Z"
  }
},
{
  "model": "core.applicantdocument",
  "pk": 8,
  "fields": {
    "loan_application": 2,
    "document_type": "photo",
    "file": "applicant_documents/2026/01/04/SaveClip.App_574398431_17869374600466737_1556664919160728_CMX1KKt.jpg",
    "is_required": true,
    "uploaded_at": "2026-01-04T06:19:18Z"
  }
},
{
  "model": "core.applicantdocument",
  "pk": 9,
  "fields": {
    "loan_application": 2,
    "document_type": "pan_front",
    "file": "applicant_documents/2026/01/04/Screenshot_2025-12-27_110757_4E179PM.png",
    "is_required": true,
    "uploaded_at": "2026-01-04T06:19:18Z"
  }
},
{
  "model": "core.applicantdocument",
  "pk": 10,
  "fields": {
    "loan_application": 2,
    "document_type": "pan_back",
    "file": "applicant_documents/2026/01/04/Screenshot_2025-12-27_110757_zydkeof.png",
    "is_required": true,
    "uploaded_at": "2026-01-04T06:19:18Z"
  }
},
{
  "model": "core.applicantdocument",
  "pk": 11,
  "fields": {
    "loan_application": 2,
    "document_type": "aadhaar_front",
    "file": "applicant_documents/2026/01/04/signin-desktop-photography-login_Hh1L2VV.jpg",
    "is_required": true,
    "uploaded_at": "2026-01-04T06:19:18Z"
  }
},
{
  "model": "core.applicantdocument",
  "pk": 12,
  "fields": {
    "loan_application": 2,
    "document_type": "aadhaar_back",
    "file": "applicant_documents/2026/01/04/1_loStqVykVYTM9fBPlr0WyQ_0GRbr2p.png",
    "is_required": true,
    "uploaded_at": "2026-01-04T06:19:18Z"
  }
},
{
  "model": "core.applicantdocument",
  "pk": 13,
  "fields": {
    "loan_application": 2,
    "document_type": "permanent_address",
    "file": "applicant_documents/2026/01/04/Screenshot_2025-12-24_180950_iMKsLhs.png",
    "is_required": true,
    "uploaded_at": "2026-01-04T06:19:18Z"
  }
},
{
  "model": "core.applicantdocument",
  "pk": 14,
  "fields": {
    "loan_application": 2,
    "document_type": "current_address",
    "file": "applicant_documents/2026/01/04/Screenshot_2026-01-03_113133_gpnrV71.png",
    "is_required": false,
    "uploaded_at": "2026-01-04T06:19:18Z"
  }
},
{
  "model": "core.applicantdocument",
  "pk": 15,
  "fields": {
    "loan_application": 3,
    "document_type": "photo",
    "file": "applicant_documents/2026/01/04/SaveClip.App_575276842_17869374642466737_4563488723414976934_n.jpg",
    "is_required": true,
    "uploaded_at": "2026-01-04T06:24:00Z"
  }
},
{
  "model": "core.applicantdocument",
  "pk": 16,
  "fields": {
    "loan_application": 3,
    "document_type": "pan_front",
    "file": "applicant_documents/2026/01/04/signin-desktop-photography-login_V9z9DWs.jpg",
    "is_required": true,
    "uploaded_at": "2026-01-04T06:24:00Z"
  }
},
{
  "model": "core.applicantdocument",
  "pk": 17,
  "fields": {
    "loan_application": 3,
    "document_type": "pan_back",
    "file": "applicant_documents/2026/01/04/Screenshot_2025-12-24_182006.png",
    "is_required": true,
    "uploaded_at": "2026-01-04T06:24:00Z"
  }
},
{
  "model": "core.applicantdocument",
  "pk": 18,
  "fields": {
    "loan_application": 3,
    "document_type": "aadhaar_front",
    "file": "applicant_documents/2026/01/04/1_loStqVykVYTM9fBPlr0WyQ_gsEb2hb.png",
    "is_required": true,
    "uploaded_at": "2026-01-04T06:24:01Z"
  }
},
{
  "model": "core.applicantdocument",
  "pk": 19,
  "fields": {
    "loan_application": 3,
    "document_type": "aadhaar_back",
    "file": "applicant_documents/2026/01/04/Screenshot_2025-12-30_112912.png",
    "is_required": true,
    "uploaded_at": "2026-01-04T06:24:01Z"
  }
},
{
  "model": "core.applicantdocument",
  "pk": 20,
  "fields": {
    "loan_application": 3,
    "document_type": "permanent_address",
    "file": "applicant_documents/2026/01/04/SalarySlip_SLIP-3-122025-1.pdf",
    "is_required": true,
    "uploaded_at": "2026-01-04T06:24:01Z"
  }
},
{
  "model": "core.applicantdocument",
  "pk": 21,
  "fields": {
    "loan_application": 3,
    "document_type": "current_address",
    "file": "applicant_documents/2026/01/04/SalarySlip_SLIP-3-122025-1_5Sgdqeg.pdf",
    "is_required": false,
    "uploaded_at": "2026-01-04T06:24:01Z"
  }
},
{
  "model": "core.applicantdocument",
  "pk": 22,
  "fields": {
    "loan_application": 4,
    "document_type": "photo",
    "file": "applicant_documents/2026/01/04/SaveClip.App_582692921_18077152016334400_8377166389869983600_n.jpg",
    "is_required": true,
    "uploaded_at": "2026-01-04T06:41:43Z"
  }
},
{
  "model": "core.applicantdocument",
  "pk": 23,
  "fields": {
    "loan_application": 4,
    "document_type": "pan_front",
    "file": "applicant_documents/2026/01/04/Screenshot_2026-01-03_162104.png",
    "is_required": true,
    "uploaded_at": "2026-01-04T06:41:43Z"
  }
},
{
  "model": "core.applicantdocument",
  "pk": 24,
  "fields": {
    "loan_application": 4,
    "document_type": "pan_back",
    "file": "applicant_documents/2026/01/04/Screenshot_2026-01-03_113133_CMJcSVW.png",
    "is_required": true,
    "uploaded_at": "2026-01-04T06:41:43Z"
  }
},
{
  "model": "core.applicantdocument",
  "pk": 25,
  "fields": {
    "loan_application": 4,
    "document_type": "aadhaar_front",
    "file": "applicant_documents/2026/01/04/Screenshot_2026-01-03_113133_F743JJD.png",
    "is_required": true,
    "uploaded_at": "2026-01-04T06:41:43Z"
  }
},
{
  "model": "core.applicantdocument",
  "pk": 26,
  "fields": {
    "loan_application": 4,
    "document_type": "aadhaar_back",
    "file": "applicant_documents/2026/01/04/Screenshot_2026-01-03_113133_dFqcndr.png",
    "is_required": true,
    "uploaded_at": "2026-01-04T06:41:43Z"
  }
},
{
  "model": "core.applicantdocument",
  "pk": 27,
  "fields": {
    "loan_application": 4,
    "document_type": "permanent_address",
    "file": "applicant_documents/2026/01/04/Screenshot_2026-01-03_162104_WAlnZR7.png",
    "is_required": true,
    "uploaded_at": "2026-01-04T06:41:43Z"
  }
},
{
  "model": "core.applicantdocument",
  "pk": 28,
  "fields": {
    "loan_application": 5,
    "document_type": "photo",
    "file": "applicant_documents/2026/01/04/SaveClip.App_574398431_17869374600466737_1556664919160728_SwZiD75.jpg",
    "is_required": true,
    "uploaded_at": "2026-01-04T06:46:23Z"
  }
},
{
  "model": "core.applicantdocument",
  "pk": 29,
  "fields": {
    "loan_application": 5,
    "document_type": "pan_front",
    "file": "applicant_documents/2026/01/04/Screenshot_2026-01-03_162104_ndUy37M.png",
    "is_required": true,
    "uploaded_at": "2026-01-04T06:46:23Z"
  }
},
{
  "model": "core.applicantdocument",
  "pk": 30,
  "fields": {
    "loan_application": 5,
    "document_type": "pan_back",
    "file": "applicant_documents/2026/01/04/Screenshot_2026-01-03_113133_5pVe8K3.png",
    "is_required": true,
    "uploaded_at": "2026-01-04T06:46:23Z"
  }
},
{
  "model": "core.applicantdocument",
  "pk": 31,
  "fields": {
    "loan_application": 5,
    "document_type": "aadhaar_front",
    "file": "applicant_documents/2026/01/04/signin-desktop-photography-login_DHMxFbv.jpg",
    "is_required": true,
    "uploaded_at": "2026-01-04T06:46:23Z"
  }
},
{
  "model": "core.applicantdocument",
  "pk": 32,
  "fields": {
    "loan_application": 5,
    "document_type": "aadhaar_back",
    "file": "applicant_documents/2026/01/04/Screenshot_2025-12-24_182006_oLutKs6.png",
    "is_required": true,
    "uploaded_at": "2026-01-04T06:46:23Z"
  }
},
{
  "model": "core.applicantdocument",
  "pk": 33,
  "fields": {
    "loan_application": 5,
    "document_type": "permanent_address",
    "file": "applicant_documents/2026/01/04/Screenshot_2026-01-03_113133_7R8VAL5.png",
    "is_required": true,
    "uploaded_at": "2026-01-04T06:46:23Z"
  }
}
]
