[
{
  "model": "sessions.session",
  "pk": "012uqfij0rtvhw4359j3edueachnubgc",
  "fields": {
    "session_data": ".eJxVjEEOwiAQRe_C2pAyFJlx6b5nIANDpWpoUtqV8e7apAvd_vfef6nA21rC1vISJlEXBaROv2Pk9Mh1J3Lnept1muu6TFHvij5o08Ms-Xk93L-Dwq18a4uEfozZpYRoqRMDPYkhJIgJ2ItNxGh6h93ZsgcDo2FiixxRnM3q_QH1VTeP:1vnEOQ:THqiXass8Gc9kly_K4JMolIvi3ZbBwLyii9pHJ_mjFo",
    "expire_date": "2026-02-17T11:16:26.856Z"
  }
},
{
  "model": "sessions.session",
  "pk": "01kvnggd99ehdv5dltqmr5ix7v6otvrq",
  "fields": {
    "session_data": ".eJxVjEEOwiAQAP_C2RCwZpf16N03kIUFqRqalPbU-HdL0oNeZyazKc_rUvza0uxHUVd1JnX6hYHjK9Vu5Mn1Mek41WUeg-6JPmzT90nS-3a0f4PCrfRvioYHQZsQMRgylJ1ztBMEA5AR3D7LcBkgoSXLkilQziZKsFac-nwB_-s4MA:1vnar7:5wbX_JlIMynhTDM35FwoBSZKNgZb9N0RcUfQDm5NUQI",
    "expire_date": "2026-02-18T11:15:33.303Z"
  }
},
{
  "model": "sessions.session",
  "pk": "0c83515ffbh6bwzosid4v9bt92tjgkct",
  "fields": {
    "session_data": ".eJxVjDsOwjAQBe_iGllZfxKbkp4zRLveNQ4gR4qTCnF3iJQC2jcz76VG3NYybk2WcWJ1Vk6dfjfC9JC6A75jvc06zXVdJtK7og_a9HVmeV4O9--gYCvfGg33oSMD4AcQoNT5aCx7CSEOAwSiZC1bQJfBWes4ImXM5MX1nrOo9wfNbzf6:1vnG4M:rnnJJ1NOzc_KgxI_rMUz_UBUcMfta5B3CROJcfci0vs",
    "expire_date": "2026-02-17T13:03:50.353Z"
  }
},
{
  "model": "sessions.session",
  "pk": "0cc5b7871v0ib1jsih35j9uy8hntmvte",
  "fields": {
    "session_data": ".eJxVjEEOwiAQRe_C2hChA4JL9z0DmYFBqgaS0q6MdzckXej2v_f-WwTctxL2zmtYkrgKbcXpdySMT66DpAfWe5Ox1W1dSA5FHrTLuSV-3Q7376BgL6MGjJkVkVGULj65cwbtLTlk0MyUjfLJe7TIk8kKnNYGJiAblTJm8uLzBTPGOD8:1vh13K:EW7Fw25sN7s2Aa8wKeSW1_-BmfbkbMd_LHmc0x9502k",
    "expire_date": "2026-01-31T07:48:58.391Z"
  }
},
{
  "model": "sessions.session",
  "pk": "0jg3tzgek67admip39d80lh0g8lrhw4c",
  "fields": {
    "session_data": ".eJxVjEEOwiAQRe_C2hBKhQGX7nsGMjCMVA0kpV0Z765NutDtf-_9lwi4rSVsPS9hJnERgxOn3zFieuS6E7pjvTWZWl2XOcpdkQftcmqUn9fD_Tso2Mu3jpacQxjSyFEhez3yGWBkxVqzskaBAes9qWy08UklipmMRYaYwIET7w8KiTgj:1vck6A:1oldckVVuu0IeyEMKC8kGEABd_6CZiyRffwz9E5RrB8",
    "expire_date": "2026-01-19T12:54:14.716Z"
  }
},
{
  "model": "sessions.session",
  "pk": "0wuwip5b9lsb3b8farjp8p0idf6e47vm",
  "fields": {
    "session_data": ".eJxVjEEOgjAQRe_StWna0nHApXvOQGY6U4saSCisjHdXEha6_e-9_zIDbWsZtqrLMIq5mGhOvxtTeui0A7nTdJttmqd1Gdnuij1otf0s-rwe7t9BoVq-dYBWQyMIMUc4e3GcITtOrSBDElBwSp1jJkYXIlGHDpuGMPvgMbfm_QHqHzf4:1vnEOF:20OEYQ5hvAO0PoPZcBGmUezBzEJ0sIHC8LnfxtYPIWQ",
    "expire_date": "2026-02-17T11:16:15.682Z"
  }
},
{
  "model": "sessions.session",
  "pk": "0ynpwqi9jgiark4lkjd3zkdsa2rt6cjn",
  "fields": {
    "session_data": ".eJxVjDsOwjAQBe_iGllZfxKbkp4zRLveNQ4gR4qTCnF3iJQC2jcz76VG3NYybk2WcWJ1Vk6dfjfC9JC6A75jvc06zXVdJtK7og_a9HVmeV4O9--gYCvfGg33oSMD4AcQoNT5aCx7CSEOAwSiZC1bQJfBWes4ImXM5MX1nrOo9wfNbzf6:1voln1:WPGECWjf7E-cT17bZrntudWP3AfmumJ_6mN_f58VKyw",
    "expire_date": "2026-02-21T17:08:11.186Z"
  }
},
{
  "model": "sessions.session",
  "pk": "105wigkadl2ywpevobxgqjf9myburk3r",
  "fields": {
    "session_data": ".eJxVjMsOwiAQRf-FtSHA8NKl-34DGRiQqoGktCvjv2uTLnR7zzn3xQJuaw3byEuYiV2YZqffLWJ65LYDumO7dZ56W5c58l3hBx186pSf18P9O6g46rf2EoUBQTZZVE5KUDZJJ87aCOuiNDlR9BF0MRYQsBQF3vhCsuQCjjJ7fwC7Qjeb:1vnFoT:CfH3uFmOUAT2pLjWYb0Ok7OdtcbymOl3QFhk5wnzDJI",
    "expire_date": "2026-02-17T12:47:25.980Z"
  }
},
{
  "model": "sessions.session",
  "pk": "10e1y4yl3moz6udr2vhp8ba5m1n6xaac",
  "fields": {
    "session_data": ".eJxVjEsOwjAMBe-SNYqM66YNS_Y9QxQ7LimgROpnhbg7VOoCtm9m3suEuK05bIvOYUrmYsicfjeO8tCyg3SP5Vat1LLOE9tdsQdd7FCTPq-H-3eQ45K_dYQeoVVEjnRuHCi6PnkAwQag7Ub24tmxCnlSPzKJjB04T4ikymTeH8kaN5g:1vh1ln:cM8SChN22ZrwJqTREsSgOxuApGl4BFpeZMQOckfMaCw",
    "expire_date": "2026-01-31T08:34:55.162Z"
  }
},
{
  "model": "sessions.session",
  "pk": "14xlmlmu99scmi5e4b4jpt3xf4eal0s3",
  "fields": {
    "session_data": ".eJxVjsEOwiAQRP-FsyErpbT06N1vIOyytagBA22iMf671vSg13lvJvMUzi_z5JbKxcUgBqHF7jdDTxdOKwhnn05ZUk5ziShXRW60ymMOfD1s7t_A5Ov0aXvoFbSsFHq9bwywMn2wAKQagLYb0ZJFg0zaarYjaqKxA2O1UpoZv68q1xpzcny_xfIQA7zea1A-1Q:1vcho8:HUgHSRVO5ibFEIYLi7XsVYm9b7vTlC9SVVJGKyztG1I",
    "expire_date": "2026-01-19T10:27:28.266Z"
  }
},
{
  "model": "sessions.session",
  "pk": "150yodqhiwlryy845tlcjktwy7py8lip",
  "fields": {
    "session_data": ".eJxVjEEOwiAQRe_C2hBKhQGX7nsGMjCMVA0kpV0Z765NutDtf-_9lwi4rSVsPS9hJnERgxOn3zFieuS6E7pjvTWZWl2XOcpdkQftcmqUn9fD_Tso2Mu3jpacQxjSyFEhez3yGWBkxVqzskaBAes9qWy08UklipmMRYaYwIET7w8KiTgj:1vd24M:i91gvkQGFQSP24Byw7s8i9uBkb6rm3Y1wFqsKse5jnk",
    "expire_date": "2026-01-20T08:05:34.207Z"
  }
},
{
  "model": "sessions.session",
  "pk": "1h3xccnecg47f5omrbzdrikwuci85cfn",
  "fields": {
    "session_data": ".eJxVjDsOwjAQBe_iGllZfxKbkp4zRLveNQ4gR4qTCnF3iJQC2jcz76VG3NYybk2WcWJ1Vk6dfjfC9JC6A75jvc06zXVdJtK7og_a9HVmeV4O9--gYCvfGg33oSMD4AcQoNT5aCx7CSEOAwSiZC1bQJfBWes4ImXM5MX1nrOo9wfNbzf6:1volit:Nr_PTGhfia6ZVmbaeSaeoktogUm2ZmLUmuGFCOfqlOA",
    "expire_date": "2026-02-21T17:03:55.274Z"
  }
},
{
  "model": "sessions.session",
  "pk": "21iv3lprws6spnchyn5esiy2bd6wnqgy",
  "fields": {
    "session_data": ".eJxVjEEOwiAQRe_C2hCowxRcuu8ZyMBMpWpoUtqV8e7apAvd_vfef6lI21ri1mSJE6uLAnX63RLlh9Qd8J3qbdZ5rusyJb0r-qBNDzPL83q4fweFWvnWiEgWXUJmK1589uBcYH8Gh6mzIsF2CUaBgGg8A4zZCPTBk0FrelbvD9DpNzA:1vnE0R:cS__5FM0WbKM9Nhhp46LX_X9Nz9ca4xBGsRDw38rTYI",
    "expire_date": "2026-02-17T10:51:39.543Z"
  }
},
{
  "model": "sessions.session",
  "pk": "23bq6qxvhhofn2w3d0dc8zwgsmi7kl6l",
  "fields": {
    "session_data": "e30:1vodhK:ULuEeBHJL6jInPagtLlH4EZsAU-RJ6b3LetjTQdXSVE",
    "expire_date": "2026-02-21T08:29:46.957Z"
  }
},
{
  "model": "sessions.session",
  "pk": "2fcvehmjfxlyywkjb0ilv29obn5fq0h2",
  "fields": {
    "session_data": ".eJxVjsEOwiAQRP-FsyErpbT06N1vIOyytagBA22iMf671vSg13lvJvMUzi_z5JbKxcUgBqHF7jdDTxdOKwhnn05ZUk5ziShXRW60ymMOfD1s7t_A5Ov0aXvoFbSsFHq9bwywMn2wAKQagLYb0ZJFg0zaarYjaqKxA2O1UpoZv68q1xpzcny_xfIQA7zea1A-1Q:1vcfrz:7ATR-vqR80XSeEZFyQDVkn4P-iM_EiPs2niA5Lx69DA",
    "expire_date": "2026-01-19T08:23:19.443Z"
  }
},
{
  "model": "sessions.session",
  "pk": "2ghykresylkl6rh0voab8uvh2b5cpp69",
  "fields": {
    "session_data": ".eJxVjEEOwiAQRe_C2pABSodx6d4zEBioVA0kpV0Z765NutDtf-_9l_BhW4vfel78nMRZOHH63WLgR647SPdQb01yq-syR7kr8qBdXlvKz8vh_h2U0Mu3NoGUsgNhdIoIeAoaI6BFinowCWxWDIjsNINVFK3CydGYAFIeDRvx_gC2jTa8:1vcj7r:wfDahji7GnQgD-FSHHsmRM4X-SPsFGRsRBgtSKrQeLY",
    "expire_date": "2026-01-19T11:51:55.949Z"
  }
},
{
  "model": "sessions.session",
  "pk": "2hs9m2vv7r7ox5vfffk85zzfb9ffqrhb",
  "fields": {
    "session_data": ".eJxVjMEOwiAQRP-FsyGFBRGP3vsNhGUXqRpISnsy_rtt0oMeZ96beYsQ16WEtfMcJhJXoY04_ZYY05PrTugR673J1OoyTyh3RR60y7ERv26H-3dQYi_bWgFZ4Eyec0KdUXnyoCFZ55SPShlgAtIKzJmGCw8G2QH6uEVrdbLi8wUVGzgB:1vzU67:vcBN_IJfkvKyUI38IQJAzP3OP-MRy2fn5GtvRnsWpS8",
    "expire_date": "2026-03-23T06:28:11.167Z"
  }
},
{
  "model": "sessions.session",
  "pk": "2qbxysfwx3w2lllzinrquq7jx0sqtyt6",
  "fields": {
    "session_data": ".eJxVjEEOgjAQRe_StWlKmcLUpXvP0Mx0poIaSCisjHdXEha6_e-9_zKJtnVIW9UljWLOxkdz-h2Z8kOnncidptts8zyty8h2V-xBq73Oos_L4f4dDFSHb41FQuNRIYAKOc7QBOyK7zn2wYEgFocMElp2PWaPETol1yo7gqiNeX8AAEw3tQ:1vnCa3:hFvfmo-xBIfa_B19IxX8yabu4U_l0n9waADwfR-6Ndw",
    "expire_date": "2026-02-17T09:20:19.149Z"
  }
},
{
  "model": "sessions.session",
  "pk": "3c1gbtuws0ebbf6vsh2lmghk4qfvuu61",
  "fields": {
    "session_data": ".eJxVjEEOwiAQRe_C2hBKhQGX7nsGMjCMVA0kpV0Z765NutDtf-_9lwi4rSVsPS9hJnERgxOn3zFieuS6E7pjvTWZWl2XOcpdkQftcmqUn9fD_Tso2Mu3jpacQxjSyFEhez3yGWBkxVqzskaBAes9qWy08UklipmMRYaYwIET7w8KiTgj:1vd2FP:hOmbgVsSFlVNupdD_qxC8mQYuvRdAbDEOqjG6_eX0Z0",
    "expire_date": "2026-01-20T08:16:59.954Z"
  }
},
{
  "model": "sessions.session",
  "pk": "46cl0d50vepvb7w6j48lyli3wduro12g",
  "fields": {
    "session_data": ".eJxVjMsOgjAQRf-la9PQju1Ql-75BjKPYlEDCYWV8d-VhIVu7znnvkxP21r6realH9VczNmcfjcmeeRpB3qn6TZbmad1Gdnuij1otd2s-Xk93L-DQrV8a9EgyTfArtEAjNI25CUFdJFSSqhAGDkr8RABhFNsAcV5BB3Q-WzeH-OtN9k:1vnEGl:gw6PuDmgFWkNj_PGeBALQZQYp5VjRpeAs56EEEE8fRI",
    "expire_date": "2026-02-17T11:08:31.580Z"
  }
},
{
  "model": "sessions.session",
  "pk": "4bhum2qq61r6k3l1dc9d5916rdznwe7a",
  "fields": {
    "session_data": ".eJxVjDsOwjAQBe_iGllee_GHkj5nsNbZNQ6gRMqnQtwdIqWA9s3Me6lM29rytsicB1YXher0uxXqHzLugO803ibdT-M6D0Xvij7ooruJ5Xk93L-DRkv71nJmTkC2AkJxxkexjCWCS4wh-WoDRTQeDDjXk5XqTBE0CLbW6nxQ7w_RRzc0:1vcdHO:TnF8BoWeWfZEsZT_55xr4_w9SR2cjUNUSvrRlFB1zc0",
    "expire_date": "2026-01-19T05:37:22.228Z"
  }
},
{
  "model": "sessions.session",
  "pk": "4jieokonhb9n5rq5y8jkmjg23s4biacs",
  "fields": {
    "session_data": ".eJxVjDsOwjAQBe_iGllZfxKbkp4zRLveNQ4gR4qTCnF3iJQC2jcz76VG3NYybk2WcWJ1Vk6dfjfC9JC6A75jvc06zXVdJtK7og_a9HVmeV4O9--gYCvfGg33oSMD4AcQoNT5aCx7CSEOAwSiZC1bQJfBWes4ImXM5MX1nrOo9wfNbzf6:1vpgQj:_WPBX83SXB0DACFp5lVbGeejeFaUQJRuVgI8Hx75p0w",
    "expire_date": "2026-02-24T05:36:57.959Z"
  }
},
{
  "model": "sessions.session",
  "pk": "4l2qp3gzt5d5n127zlqwk1x9b1tchfen",
  "fields": {
    "session_data": ".eJxVjDsOwjAQBe_iGllZfxKbkp4zRLveNQ4gR4qTCnF3iJQC2jcz76VG3NYybk2WcWJ1Vk6dfjfC9JC6A75jvc06zXVdJtK7og_a9HVmeV4O9--gYCvfGg33oSMD4AcQoNT5aCx7CSEOAwSiZC1bQJfBWes4ImXM5MX1nrOo9wfNbzf6:1vnG3j:VQ25KOx3cYyo8x-VmXSmNyPDuax7HkTgOdOCubdPVPw",
    "expire_date": "2026-02-17T13:03:11.765Z"
  }
},
{
  "model": "sessions.session",
  "pk": "527bjvma9dhyc2p4mpvjnzs4jp1xnrth",
  "fields": {
    "session_data": ".eJxVjDsOwjAQBe_iGln-b0xJzxmstXeDA8iR4qRC3B0ipYD2zcx7iYTbWtPWeUkTibNw4vS7ZSwPbjugO7bbLMvc1mXKclfkQbu8zsTPy-H-HVTs9VuzHth40Aw628KKMungrY2MEb0PhUm7MioKBF4pRzECBDOCdTabQYn3B-efN3g:1vnF8u:nG2mWGwn9fN79HVG4JX6NPRd5yghdRiJaTh8vSHJgk0",
    "expire_date": "2026-02-17T12:04:28.119Z"
  }
},
{
  "model": "sessions.session",
  "pk": "5bjvdows8k38ykb9acn0ewejs4m62t7k",
  "fields": {
    "session_data": ".eJxVjEEOgjAQRe_StWmmzJSpLt1zBtJpB4saSCisjHdXEha6_e-9_zJ93NbSb1WXfszmYtCZ0-8oMT102km-x-k22zRP6zKK3RV70Gq7Oevzerh_ByXW8q29Y2ZkElQNQiIYYmhYhnMCzkEzgA_swQ2AbTOoTyREDG0kYMJs3h_yODdH:1vnbtu:CPasMGu4_kOkuccWo6n0AF7a6GD70QJKQAcf-RXuk_o",
    "expire_date": "2026-02-18T12:22:30.906Z"
  }
},
{
  "model": "sessions.session",
  "pk": "5fqb4uqahxxppc6zhk8go8qyt5fcddok",
  "fields": {
    "session_data": ".eJxVjDsOwjAQBe_iGllZfxKbkp4zRLveNQ4gR4qTCnF3iJQC2jcz76VG3NYybk2WcWJ1Vk6dfjfC9JC6A75jvc06zXVdJtK7og_a9HVmeV4O9--gYCvfGg33oSMD4AcQoNT5aCx7CSEOAwSiZC1bQJfBWes4ImXM5MX1nrOo9wfNbzf6:1vzTnI:93l67KNqTKDCQ2ySBIfDTdoDF0XFF04C87IS0Z8KhPc",
    "expire_date": "2026-03-23T06:08:44.393Z"
  }
},
{
  "model": "sessions.session",
  "pk": "5ivfq3zth0fxoxtmqtg8kz8xrayelo8g",
  "fields": {
    "session_data": ".eJxVjMsOwiAQRf-FtSFYHgMu3fcbCAMztmogKe3K-O_apAvd3nPOfYmYtnWKW6clzkVchAZx-h0x5QfVnZR7qrcmc6vrMqPcFXnQLsdW6Hk93L-DKfXpWxsgsF4zD5aQBkfAqBxnr3WgobiEYKiozO5cvDGEwbJFAJW0JQ5KvD8jNji3:1vog8G:AUpEirbqGEksk5GMDp4C3zR_5u0eeUhN4lA5UfKbDZg",
    "expire_date": "2026-02-21T11:05:44.922Z"
  }
},
{
  "model": "sessions.session",
  "pk": "5jaz3eln4mbvzxih0hxen8cjeyd9kfwj",
  "fields": {
    "session_data": ".eJxVjEEOwiAQRe_C2hBKhQGX7nsGMjCMVA0kpV0Z765NutDtf-_9lwi4rSVsPS9hJnERgxOn3zFieuS6E7pjvTWZWl2XOcpdkQftcmqUn9fD_Tso2Mu3jpacQxjSyFEhez3yGWBkxVqzskaBAes9qWy08UklipmMRYaYwIET7w8KiTgj:1vd2CH:oV2KECX4HysL1jxUHpuNxjQ863bPx7ZIlQ5qo2-jByQ",
    "expire_date": "2026-01-20T08:13:45.973Z"
  }
},
{
  "model": "sessions.session",
  "pk": "5mqvsu2eyynvxesmj530yyt546vevf1f",
  "fields": {
    "session_data": ".eJxVjEEOwiAQRe_C2pABSodx6d4zEBioVA0kpV0Z765NutDtf-_9l_BhW4vfel78nMRZOHH63WLgR647SPdQb01yq-syR7kr8qBdXlvKz8vh_h2U0Mu3NoGUsgNhdIoIeAoaI6BFinowCWxWDIjsNINVFK3CydGYAFIeDRvx_gC2jTa8:1vciqX:RWTBsCTirrTetxt7fnBwC7Xl9hM-pkzQmBz7Qb8DPX4",
    "expire_date": "2026-01-19T11:34:01.619Z"
  }
},
{
  "model": "sessions.session",
  "pk": "5qey1n34cvcvlzfboxfwk6eex7ipbfij",
  "fields": {
    "session_data": ".eJxVjsEOwiAQRP-FsyErpbT06N1vIOyytagBA22iMf671vSg13lvJvMUzi_z5JbKxcUgBqHF7jdDTxdOKwhnn05ZUk5ziShXRW60ymMOfD1s7t_A5Ov0aXvoFbSsFHq9bwywMn2wAKQagLYb0ZJFg0zaarYjaqKxA2O1UpoZv68q1xpzcny_xfIQA7zea1A-1Q:1vd5yn:yY2hq9uGm0vjcI7tX5x6yKX4-FD7ZRKuDtWw0OBAimM",
    "expire_date": "2026-01-20T12:16:05.024Z"
  }
},
{
  "model": "sessions.session",
  "pk": "5sta8e9jsdhwdf8b6uyhlpddj10kilav",
  "fields": {
    "session_data": ".eJxVjsEOwiAQRP-FsyErpbT06N1vIOyytagBA22iMf671vSg13lvJvMUzi_z5JbKxcUgBqHF7jdDTxdOKwhnn05ZUk5ziShXRW60ymMOfD1s7t_A5Ov0aXvoFbSsFHq9bwywMn2wAKQagLYb0ZJFg0zaarYjaqKxA2O1UpoZv68q1xpzcny_xfIQA7zea1A-1Q:1vciuw:B-3qrPrtMJWKzmAszj0h0FCmSGTtGekcvWTBItt_TYY",
    "expire_date": "2026-01-19T11:38:34.759Z"
  }
},
{
  "model": "sessions.session",
  "pk": "5yswaunx9ndc96tkfz6lpnpyxjktpwb6",
  "fields": {
    "session_data": ".eJxVjMsOwiAQRf-FtSFYHgMu3fcbCAMztmogKe3K-O_apAvd3nPOfYmYtnWKW6clzkVchAZx-h0x5QfVnZR7qrcmc6vrMqPcFXnQLsdW6Hk93L-DKfXpWxsgsF4zD5aQBkfAqBxnr3WgobiEYKiozO5cvDGEwbJFAJW0JQ5KvD8jNji3:1vog7g:icNU-axCN83giRpzMMJB6-kSmG_TieppJgsrIqojdbQ",
    "expire_date": "2026-02-21T11:05:08.261Z"
  }
},
{
  "model": "sessions.session",
  "pk": "6bw74w5kqfuizajkpdalv2d9kmnaezb5",
  "fields": {
    "session_data": ".eJxVjEEOgjAQRe_StWlKmcLUpXvP0Mx0poIaSCisjHdXEha6_e-9_zKJtnVIW9UljWLOxkdz-h2Z8kOnncidptts8zyty8h2V-xBq73Oos_L4f4dDFSHb41FQuNRIYAKOc7QBOyK7zn2wYEgFocMElp2PWaPETol1yo7gqiNeX8AAEw3tQ:1vnCZT:QmHMuK9ZDsFlx5fhwuR9pKaGytip6PdB62eEN6pi5D8",
    "expire_date": "2026-02-17T09:19:43.400Z"
  }
},
{
  "model": "sessions.session",
  "pk": "6nux2od70u7ke898lo7k3w99mquznx7p",
  "fields": {
    "session_data": ".eJxVjMEOwiAQRP-FsyGFBRGP3vsNhGUXqRpISnsy_rtt0oMeZ96beYsQ16WEtfMcJhJXoY04_ZYY05PrTugR673J1OoyTyh3RR60y7ERv26H-3dQYi_bWgFZ4Eyec0KdUXnyoCFZ55SPShlgAtIKzJmGCw8G2QH6uEVrdbLi8wUVGzgB:1vzUKE:EAY47HjZuj6H3_KMWKsx7Pg8xPDEAKiJBG5qRzCjg1o",
    "expire_date": "2026-03-23T06:42:46.115Z"
  }
},
{
  "model": "sessions.session",
  "pk": "6yrvu58pufh21fe3jsdvhe8hpk4i7aia",
  "fields": {
    "session_data": ".eJxVjDsOwjAQBe_iGllZfxKbkp4zRLveNQ4gR4qTCnF3iJQC2jcz76VG3NYybk2WcWJ1Vk6dfjfC9JC6A75jvc06zXVdJtK7og_a9HVmeV4O9--gYCvfGg33oSMD4AcQoNT5aCx7CSEOAwSiZC1bQJfBWes4ImXM5MX1nrOo9wfNbzf6:1volgh:txwWhc3_keLULGWYqEnHSRYhm78mYtQBzL4NgYQP9rI",
    "expire_date": "2026-02-21T17:01:39.174Z"
  }
},
{
  "model": "sessions.session",
  "pk": "7el4z99j7ldrklgnjl704kp4ofp2oyhk",
  "fields": {
    "session_data": ".eJxVjMsOwiAQRf-FtSFleBRcuu83kGEYpWogKe3K-O_apAvd3nPOfYmI21ri1nmJcxZnYcTpd0tID647yHestyap1XWZk9wVedAup5b5eTncv4OCvXxrayl575GTHlXyijTTQAoUDBYcaCRWBi1aYuNc0Bm0v2K2AN6NIZB4fwDb-Ddr:1vnEz9:6yhL6dBh97GvaQJwJ0vrVaA-4Xn_YdoRofiD4jke4sc",
    "expire_date": "2026-02-17T11:54:23.885Z"
  }
},
{
  "model": "sessions.session",
  "pk": "7g34n34i7u4toxuon3b7hrasq6i9nhu4",
  "fields": {
    "session_data": ".eJxVjMsOwiAURP-FtSFwizxcuu83EC4XpGogKe3K-O9K0oUuZ86ZeTEf9q34vafVL8QuTLHTb4chPlIdgO6h3hqPrW7rgnwo_KCdz43S83q4fwcl9DLWGQ2qKBwEkBmkImG_KUdH1hghZYRkstNnmwkRzATGaWEl6jgBSWLvD-esN6U:1vnE2f:s8S1qiglrjns5hPqXNXu4Fw0acqQVk0y2gLVLfaZjmM",
    "expire_date": "2026-02-17T10:53:57.437Z"
  }
},
{
  "model": "sessions.session",
  "pk": "7mbwthy6ewu12vduy0rw1hl9n5bk9us7",
  "fields": {
    "session_data": ".eJxVjEEOwiAQRe_C2hBKhQGX7nsGMjCMVA0kpV0Z765NutDtf-_9lwi4rSVsPS9hJnERgxOn3zFieuS6E7pjvTWZWl2XOcpdkQftcmqUn9fD_Tso2Mu3jpacQxjSyFEhez3yGWBkxVqzskaBAes9qWy08UklipmMRYaYwIET7w8KiTgj:1vd25V:lwAARVsq0jeUexoETXEd_2is237tGTx_GzFr3jfrs1A",
    "expire_date": "2026-01-20T08:06:45.713Z"
  }
},
{
  "model": "sessions.session",
  "pk": "7otto7q2ahoy2xzr7nozwvlcuj9el3ag",
  "fields": {
    "session_data": ".eJxVjDsOwjAQBe_iGllZfxKbkp4zRLveNQ4gR4qTCnF3iJQC2jcz76VG3NYybk2WcWJ1Vk6dfjfC9JC6A75jvc06zXVdJtK7og_a9HVmeV4O9--gYCvfGg33oSMD4AcQoNT5aCx7CSEOAwSiZC1bQJfBWes4ImXM5MX1nrOo9wfNbzf6:1vzZKK:AcLW3abKyNzQQHwwK20iTS11aRUDDswfwY72iLypWvs",
    "expire_date": "2026-03-23T12:03:12.505Z"
  }
},
{
  "model": "sessions.session",
  "pk": "88rhfy8poej7kghd1vhadt7sqkkwahle",
  "fields": {
    "session_data": ".eJxVjDsOwjAQBe_iGllZfxKbkp4zRLveNQ4gR4qTCnF3iJQC2jcz76VG3NYybk2WcWJ1Vk6dfjfC9JC6A75jvc06zXVdJtK7og_a9HVmeV4O9--gYCvfGg33oSMD4AcQoNT5aCx7CSEOAwSiZC1bQJfBWes4ImXM5MX1nrOo9wfNbzf6:1vzCir:VvsE3V4wgq3nQ-l0s8WgiMWUNMyuPvpeGPE1ZylW5Cc",
    "expire_date": "2026-03-22T11:55:01.793Z"
  }
},
{
  "model": "sessions.session",
  "pk": "8ebfvngmviyzxjc5r8ms8xbk40vh3978",
  "fields": {
    "session_data": ".eJxVjDsOwjAQBe_iGllZfxKbkp4zRLveNQ4gR4qTCnF3iJQC2jcz76VG3NYybk2WcWJ1Vk6dfjfC9JC6A75jvc06zXVdJtK7og_a9HVmeV4O9--gYCvfGg33oSMD4AcQoNT5aCx7CSEOAwSiZC1bQJfBWes4ImXM5MX1nrOo9wfNbzf6:1volrr:bDsT5jhZOEscSrIUf6yiuIzODTIoE1KwLolcQwOr6UY",
    "expire_date": "2026-02-21T17:13:11.247Z"
  }
},
{
  "model": "sessions.session",
  "pk": "8kqugu6c7qqmz0czeht4w1gd72ue8y86",
  "fields": {
    "session_data": ".eJxVjEEOwiAQRe_C2pABSodx6d4zEBioVA0kpV0Z765NutDtf-_9l_BhW4vfel78nMRZOHH63WLgR647SPdQb01yq-syR7kr8qBdXlvKz8vh_h2U0Mu3NoGUsgNhdIoIeAoaI6BFinowCWxWDIjsNINVFK3CydGYAFIeDRvx_gC2jTa8:1vciow:OtRC5FQvY0jHPfO07F16QCrC690aVNbxXunMOMPRIwM",
    "expire_date": "2026-01-19T11:32:22.653Z"
  }
},
{
  "model": "sessions.session",
  "pk": "8mc6cq87hc8uigwydqqizeywn8f0scck",
  "fields": {
    "session_data": ".eJxVjEEOgjAQRe_StWlKmcLUpXvP0Mx0poIaSCisjHdXEha6_e-9_zKJtnVIW9UljWLOxkdz-h2Z8kOnncidptts8zyty8h2V-xBq73Oos_L4f4dDFSHb41FQuNRIYAKOc7QBOyK7zn2wYEgFocMElp2PWaPETol1yo7gqiNeX8AAEw3tQ:1vnEAR:ORvWjRabB8MndvZCWjA0S9-zJUPrgTFiKpxr-NTpHrI",
    "expire_date": "2026-02-17T11:01:59.870Z"
  }
},
{
  "model": "sessions.session",
  "pk": "8ywmgaxxrks2bl86rdqqjizkxyqb5b5f",
  "fields": {
    "session_data": ".eJxVjEEOwiAQRe_C2hBKhQGX7nsGMjCMVA0kpV0Z765NutDtf-_9lwi4rSVsPS9hJnERgxOn3zFieuS6E7pjvTWZWl2XOcpdkQftcmqUn9fD_Tso2Mu3jpacQxjSyFEhez3yGWBkxVqzskaBAes9qWy08UklipmMRYaYwIET7w8KiTgj:1vd2El:lO8GKDF7POsbTgaHQQ6DU78rnCflS6ozlcxTuZUwv0A",
    "expire_date": "2026-01-20T08:16:19.138Z"
  }
},
{
  "model": "sessions.session",
  "pk": "8zx30myxy5dxt2b2jozlo206zw3kfc98",
  "fields": {
    "session_data": ".eJxVjEEOwiAURO_C2pDPByq4dO8ZCPBBqgaS0q6Md5cmXWhmN-_NvJnz21rc1tPiZmIXhoqdfsvg4zPVndDD13vjsdV1mQPfFX7Qzm-N0ut6uH8Hxfcy1jkmSUKDNCaDPJto7JR8iDmTRJXtRAgGg4aEAiUMqIUFpbW1Wo2wzxcE7zb5:1vnWdO:doTHx1GoEpZr5H2pRhy75iPFSfyE8GNre96R4GHSQuI",
    "expire_date": "2026-02-18T06:45:06.346Z"
  }
},
{
  "model": "sessions.session",
  "pk": "95u7sbhpxnuiflw91hp3uw3rt8xgce6y",
  "fields": {
    "session_data": ".eJxVjDsOwyAQBe9CHSGwYYGU6X0GaxeW4CQCyZ8qyt1jSy6S9s3Me4sRt7WM28LzOCVxFT2Iy-9IGJ9cD5IeWO9NxlbXeSJ5KPKkixxa4tftdP8OCi5lrzM4Y5lSCL5H1kDkkZkCejZRWWfJGU2QMQOyBYsEQWkIHcEuqk58viyyOKk:1vog7M:mwGYNFKt9AX4kDZ5QLh2k-qHdG121IVDI-FL6xRDOOE",
    "expire_date": "2026-02-21T11:04:48.975Z"
  }
},
{
  "model": "sessions.session",
  "pk": "9lhp1qktt8ivlhp5zuzj4lxew5k70a1y",
  "fields": {
    "session_data": ".eJxVjsEOwiAQRP-FsyErpbT06N1vIOyytagBA22iMf671vSg13lvJvMUzi_z5JbKxcUgBqHF7jdDTxdOKwhnn05ZUk5ziShXRW60ymMOfD1s7t_A5Ov0aXvoFbSsFHq9bwywMn2wAKQagLYb0ZJFg0zaarYjaqKxA2O1UpoZv68q1xpzcny_xfIQA7zea1A-1Q:1vchnH:Sw3eRcJxDCsMhuqZkf2Nk1Jeb3bZ1Z_A6iPzbJeADTw",
    "expire_date": "2026-01-19T10:26:35.584Z"
  }
},
{
  "model": "sessions.session",
  "pk": "9piy7hxsyy8ixx4hy6vtvmok1isi6zj7",
  "fields": {
    "session_data": ".eJxVjEsOAiEQBe_C2hAaaWBcup8zEKAbGTWQzGdlvLtOMgvdvqp6LxHittawLTyHicRFaCNOv2OK-cFtJ3SP7dZl7m2dpyR3RR50kWMnfl4P9--gxqV-ayDUqJw2iBazNuRAD4Y8F1cAoWT2jjWYkhWpARnQ2XOy0aTiwQ8k3h_eZTdW:1vnWPX:gLg2z6Z-fqWti4oOQU1mvJxgKW1Y3sChJgeEaR5Vvsc",
    "expire_date": "2026-02-18T06:30:47.306Z"
  }
},
{
  "model": "sessions.session",
  "pk": "a0fqwdnlkq9wiwih8zqdry2mvanjby4n",
  "fields": {
    "session_data": ".eJxVjDsOwjAQBe_iGllee_GHkj5nsNbZNQ6gRMqnQtwdIqWA9s3Me6lM29rytsicB1YXher0uxXqHzLugO803ibdT-M6D0Xvij7ooruJ5Xk93L-DRkv71nJmTkC2AkJxxkexjCWCS4wh-WoDRTQeDDjXk5XqTBE0CLbW6nxQ7w_RRzc0:1vcdDW:MfJmRqWwHZgFP9C6aUJRBXxkNLDt5Oatxl4BwBm3cnk",
    "expire_date": "2026-01-19T05:33:22.049Z"
  }
},
{
  "model": "sessions.session",
  "pk": "a45ugoviirloc9wkaa6dm1gx32g4p98r",
  "fields": {
    "session_data": ".eJxVjEEOwiAQRe_C2pCxWCgu3XsGMtMZLGrAlDbRGO9um3Sh2_f-f28VcJ6GMFcZQ2J1VKZRu19I2N8kr4avmC9F9yVPYyK9TvRmqz4Xlvtp2_4FBqzD8rbo9hwJWnIW2sY33gAhdcyAxuFCjVhqe_a0RP0hGtcBRWclesPg1miVWlPJQZ6PNL7UET5fyQk_1A:1vodaq:qON7F8h2ta1rzbJxvK8BTY9vB3zOQOHywNMUclzbrug",
    "expire_date": "2026-02-21T08:23:04.259Z"
  }
},
{
  "model": "sessions.session",
  "pk": "a9186tacqrr4i3gfzfpnb2dhj7n7sgbp",
  "fields": {
    "session_data": ".eJxVjEsOwjAMBe-SNYqM66YNS_Y9QxQ7LimgROpnhbg7VOoCtm9m3suEuK05bIvOYUrmYsicfjeO8tCyg3SP5Vat1LLOE9tdsQdd7FCTPq-H-3eQ45K_dYQeoVVEjnRuHCi6PnkAwQag7Ub24tmxCnlSPzKJjB04T4ikymTeH8kaN5g:1vd3aD:WBxE67Jk9NcKw00RdyrLTeiybe-TPHEf0v9WSGvbIMA",
    "expire_date": "2026-01-20T09:42:33.188Z"
  }
},
{
  "model": "sessions.session",
  "pk": "ahubmuxt9rc0umjznsj8hil51p2nuj7i",
  "fields": {
    "session_data": ".eJxVjEEOwiAQRe_C2hBKhQGX7nsGMjCMVA0kpV0Z765NutDtf-_9lwi4rSVsPS9hJnERgxOn3zFieuS6E7pjvTWZWl2XOcpdkQftcmqUn9fD_Tso2Mu3jpacQxjSyFEhez3yGWBkxVqzskaBAes9qWy08UklipmMRYaYwIET7w8KiTgj:1vd23r:POAQw09m0tGADB8_pBjJzH-Wri9CQ7V7yxs9XOI1n1s",
    "expire_date": "2026-01-20T08:05:03.602Z"
  }
},
{
  "model": "sessions.session",
  "pk": "amuui9x8rrszkpblmdiu0x2602rtet2r",
  "fields": {
    "session_data": ".eJxVjDsOwjAQBe_iGllZfxKbkp4zRLveNQ4gR4qTCnF3iJQC2jcz76VG3NYybk2WcWJ1Vk6dfjfC9JC6A75jvc06zXVdJtK7og_a9HVmeV4O9--gYCvfGg33oSMD4AcQoNT5aCx7CSEOAwSiZC1bQJfBWes4ImXM5MX1nrOo9wfNbzf6:1vnG5O:5D4GMwHFSozWf4VRlUahBuwsI95WmzVJPPqFZJ1qBVc",
    "expire_date": "2026-02-17T13:04:54.108Z"
  }
},
{
  "model": "sessions.session",
  "pk": "betbeijp6yiueailopjrya7mph6grol7",
  "fields": {
    "session_data": ".eJxVjDEOwjAMRe-SGUUhiRyHkZ0zVLZj0QJKpKadKu4OlTrA-t97fzMDrcs4rF3nYSrmYpI5_W5M8tS6g_Kgem9WWl3mie2u2IN2e2tFX9fD_TsYqY_fOoiTMyATeAweMQnlHEGcx0IxhZgiIoMkrwwcAytoAECHCjEnZ94fxIY20w:1vckO4:ZtS7Nzl_agEITzLbmHi9EZSruMfMuJGRBDAc09PFpu0",
    "expire_date": "2026-01-19T13:12:44.181Z"
  }
},
{
  "model": "sessions.session",
  "pk": "bjkq73ud3y6nup6nn11pwhv4rwzjez6m",
  "fields": {
    "session_data": ".eJxVjMEOwiAQRP-FsyGFBRGP3vsNhGUXqRpISnsy_rtt0oMeZ96beYsQ16WEtfMcJhJXoY04_ZYY05PrTugR673J1OoyTyh3RR60y7ERv26H-3dQYi_bWgFZ4Eyec0KdUXnyoCFZ55SPShlgAtIKzJmGCw8G2QH6uEVrdbLi8wUVGzgB:1vzUIE:tnyQmZMwt28bMC9XjRf0_LbwKzJuQORhkDkxNkSqlB4",
    "expire_date": "2026-03-23T06:40:42.963Z"
  }
},
{
  "model": "sessions.session",
  "pk": "bpe2ue7p7ffe6rf1wd91blvwli54ewfo",
  "fields": {
    "session_data": ".eJxVjDsOwjAQBe_iGllZfxKbkp4zRLveNQ4gR4qTCnF3iJQC2jcz76VG3NYybk2WcWJ1Vk6dfjfC9JC6A75jvc06zXVdJtK7og_a9HVmeV4O9--gYCvfGg33oSMD4AcQoNT5aCx7CSEOAwSiZC1bQJfBWes4ImXM5MX1nrOo9wfNbzf6:1volt1:DEVmpMFwLXdN8NtSkYkSAVrnn51BV7TgOKIduENbLOY",
    "expire_date": "2026-02-21T17:14:23.047Z"
  }
},
{
  "model": "sessions.session",
  "pk": "brcgsm0dstiadh7ijtd48r0lu6e83rfl",
  "fields": {
    "session_data": ".eJxVjEEOwiAQRe_C2hBKhQGX7nsGMjCMVA0kpV0Z765NutDtf-_9lwi4rSVsPS9hJnERgxOn3zFieuS6E7pjvTWZWl2XOcpdkQftcmqUn9fD_Tso2Mu3jpacQxjSyFEhez3yGWBkxVqzskaBAes9qWy08UklipmMRYaYwIET7w8KiTgj:1vd22G:_oS6yE48cAFHlbw0tFe5SU8-g4jZEz3DHAj80nx2Brg",
    "expire_date": "2026-01-20T08:03:24.102Z"
  }
},
{
  "model": "sessions.session",
  "pk": "bz1ogrtwbfrq8igf5vpuiqxgo4cvubui",
  "fields": {
    "session_data": ".eJxVjDsOwjAQBe_iGlle_9ahpM8ZrF3b4ABypDipEHeHSCmgfTPzXiLStta49bLEKYuz0Facfkem9ChtJ_lO7TbLNLd1mVjuijxol-Ocy_NyuH8HlXr91iYotIksW_BY_JACZGZwrNCRBg3BpRyCScqjd2C8GRCwOL66YBCLeH8A4DU2ww:1vnWa1:YP3Vri_rdbQpl9-I8Kjpmf04oDO7VLeshYDMLFo6LO4",
    "expire_date": "2026-02-18T06:41:37.883Z"
  }
},
{
  "model": "sessions.session",
  "pk": "cede42i9zoi9fpnthkbhifcjcueoyhpp",
  "fields": {
    "session_data": ".eJxVjMEOwiAQRP-FsyGFBRGP3vsNhGUXqRpISnsy_rtt0oMeZ96beYsQ16WEtfMcJhJXoY04_ZYY05PrTugR673J1OoyTyh3RR60y7ERv26H-3dQYi_bWgFZ4Eyec0KdUXnyoCFZ55SPShlgAtIKzJmGCw8G2QH6uEVrdbLi8wUVGzgB:1vzUev:znSkOe6kWfqu7JTAcSH78-vAjzEqayMu_k04L03qZXo",
    "expire_date": "2026-03-23T07:04:09.843Z"
  }
},
{
  "model": "sessions.session",
  "pk": "cej2i8kkwk1xruz3j7uoe2f2tqjbgpgi",
  "fields": {
    "session_data": ".eJxVjDsOwjAQBe_iGllZe_2jpOcMljfe4ACypTipEHeHSCmgfTPzXiKmbS1x67zEOYuzUChOvyOl8cF1J_me6q3JsdV1mUnuijxol9eW-Xk53L-Dknr51j4RTmiSMlqFYO0wZYKgNePg0Hs2ZMFptOSIDCNkpzIAKmucAtAs3h_kkDa1:1vnWP9:XkcOx42BOycR34_Tld1-89qTpWhEWN71KfVou6IRrkc",
    "expire_date": "2026-02-18T06:30:23.129Z"
  }
},
{
  "model": "sessions.session",
  "pk": "ci19pxrnip3bo6flrtj14k4oy9ls8l4t",
  "fields": {
    "session_data": ".eJxVjMEOwiAQRP-FsyGFBRGP3vsNhGUXqRpISnsy_rtt0oMeZ96beYsQ16WEtfMcJhJXoY04_ZYY05PrTugR673J1OoyTyh3RR60y7ERv26H-3dQYi_bWgFZ4Eyec0KdUXnyoCFZ55SPShlgAtIKzJmGCw8G2QH6uEVrdbLi8wUVGzgB:1vzUKv:paIlHKnfUd3u5bXAtZ0u5fbjJsjoaiMD-E4ZDvcr-jM",
    "expire_date": "2026-03-23T06:43:29.210Z"
  }
},
{
  "model": "sessions.session",
  "pk": "d9dzysusxt8wly6xt52ahrbd57katu8y",
  "fields": {
    "session_data": ".eJxVjEEOgjAQRe_StWna0nHApXvOQGY6U4saSCisjHdXEha6_e-9_zIDbWsZtqrLMIq5mGhOvxtTeui0A7nTdJttmqd1Gdnuij1otf0s-rwe7t9BoVq-dYBWQyMIMUc4e3GcITtOrSBDElBwSp1jJkYXIlGHDpuGMPvgMbfm_QHqHzf4:1vnEOI:PMbgX-zSO91r2veBfiKjiBs9dAlkE-0QYcpVudESiT0",
    "expire_date": "2026-02-17T11:16:18.525Z"
  }
},
{
  "model": "sessions.session",
  "pk": "dvd3anyhuzgmv95x9rlj69p9df5n7yn1",
  "fields": {
    "session_data": ".eJxVjEEOwiAQRe_C2hChA4JL9z0DmYFBqgaS0q6MdzckXej2v_f-WwTctxL2zmtYkrgKbcXpdySMT66DpAfWe5Ox1W1dSA5FHrTLuSV-3Q7376BgL6MGjJkVkVGULj65cwbtLTlk0MyUjfLJe7TIk8kKnNYGJiAblTJm8uLzBTPGOD8:1veRy2:WBOy791DyBb8DnTTK_AQ6X18A4GOKhufjOIwQDn3lKQ",
    "expire_date": "2026-01-24T05:56:54.345Z"
  }
},
{
  "model": "sessions.session",
  "pk": "elarylazi7aepbxf2n3fub06kgqa60m7",
  "fields": {
    "session_data": ".eJxVjDsOwjAQBe_iGllZfxKbkp4zRLveNQ4gR4qTCnF3iJQC2jcz76VG3NYybk2WcWJ1Vk6dfjfC9JC6A75jvc06zXVdJtK7og_a9HVmeV4O9--gYCvfGg33oSMD4AcQoNT5aCx7CSEOAwSiZC1bQJfBWes4ImXM5MX1nrOo9wfNbzf6:1vzZON:NkWmU2faCko4TScKRVcGiOi2k2OBmCZZoQqSmgOdWfo",
    "expire_date": "2026-03-23T12:07:23.404Z"
  }
},
{
  "model": "sessions.session",
  "pk": "eo2600bd32mo9aj093km7sepncxvze9e",
  "fields": {
    "session_data": ".eJxVjEEOwiAQRe_C2pBSoKVduvcMZIYZLGrAlDbRGO-uTbrQ7X_vv5fwsC6TXyvPPpEYhRGH3w0hXDlvgC6Qz0WGkpc5odwUudMqT4X4dtzdv8AEdfq-oaXONdgqZXvFCkNjh1aTZeeGvlcOMWhNWoGJymhtaACMENGy6SxF3qKVa00le37c0_wUY_P-AHdNPzc:1volLc:CjqoTLbWSPCQPmp13emW4z0RjSg569fqJxNqYG0P2W0",
    "expire_date": "2026-02-21T16:39:52.692Z"
  }
},
{
  "model": "sessions.session",
  "pk": "eszn1l09aof4rxdepkj7rtve68dkt4vv",
  "fields": {
    "session_data": ".eJxVjEEOgjAQRe_StWlKmcLUpXvP0Mx0poIaSCisjHdXEha6_e-9_zKJtnVIW9UljWLOxkdz-h2Z8kOnncidptts8zyty8h2V-xBq73Oos_L4f4dDFSHb41FQuNRIYAKOc7QBOyK7zn2wYEgFocMElp2PWaPETol1yo7gqiNeX8AAEw3tQ:1vnCYl:3_VjnTMTUVRQ01ZkpfHIEKGB3H1lACIj5Phh2aW-IDs",
    "expire_date": "2026-02-17T09:18:59.646Z"
  }
},
{
  "model": "sessions.session",
  "pk": "eulc8w3yhwu8jmyir9ox3pzqyfnu3ekh",
  "fields": {
    "session_data": ".eJxVjDsOwjAQBe_iGllZfxKbkp4zRLveNQ4gR4qTCnF3iJQC2jcz76VG3NYybk2WcWJ1Vk6dfjfC9JC6A75jvc06zXVdJtK7og_a9HVmeV4O9--gYCvfGg33oSMD4AcQoNT5aCx7CSEOAwSiZC1bQJfBWes4ImXM5MX1nrOo9wfNbzf6:1volsX:51_mUIIugmtcxne6zsWdxkhihi-nNK8wlt62F7WCS8s",
    "expire_date": "2026-02-21T17:13:53.316Z"
  }
},
{
  "model": "sessions.session",
  "pk": "ev4rzxtzucyth5t87aefrq0mu76unh3x",
  "fields": {
    "session_data": ".eJxVjDEOwjAMRe-SGUUhiRyHkZ0zVLZj0QJKpKadKu4OlTrA-t97fzMDrcs4rF3nYSrmYpI5_W5M8tS6g_Kgem9WWl3mie2u2IN2e2tFX9fD_TsYqY_fOoiTMyATeAweMQnlHEGcx0IxhZgiIoMkrwwcAytoAECHCjEnZ94fxIY20w:1vckLl:4zty0Tes-9P7ftByy1LaUt6seumjcuRiyK4VnImS7Co",
    "expire_date": "2026-01-19T13:10:21.863Z"
  }
},
{
  "model": "sessions.session",
  "pk": "fc5yc1h42k206y7zh0rja45e9f2mcnqg",
  "fields": {
    "session_data": ".eJxVjsEOwiAQRP-FsyErpbT06N1vIOyytagBA22iMf671vSg13lvJvMUzi_z5JbKxcUgBqHF7jdDTxdOKwhnn05ZUk5ziShXRW60ymMOfD1s7t_A5Ov0aXvoFbSsFHq9bwywMn2wAKQagLYb0ZJFg0zaarYjaqKxA2O1UpoZv68q1xpzcny_xfIQA7zea1A-1Q:1vchnU:gvXsgjmPOTUBJKQjZZqZuvRcZw_I-7-4AbPM_94xpKI",
    "expire_date": "2026-01-19T10:26:48.594Z"
  }
},
{
  "model": "sessions.session",
  "pk": "fknl6zdz4v717rvho1jajcmyttcwbpeq",
  "fields": {
    "session_data": ".eJxVjDsOwyAQBe9CHSHAfFOm9xnQwi7BSYQlY1dR7h5bcpG0b2bem0XY1hq3TkuckF2ZZpffLUF-UjsAPqDdZ57nti5T4ofCT9r5OCO9bqf7d1Ch1722wRaXjQwaARC9wZQMiaAKoBRO5CKC9sqrkMRgLGUcdsk4Ct4pR5J9vu8RN74:1vnFil:8O0YZq676skbRs2NY_HXqqQm1s2v1zLe_UrQ_82oEfo",
    "expire_date": "2026-02-17T12:41:31.553Z"
  }
},
{
  "model": "sessions.session",
  "pk": "g9cb4bz0aot1e3dxwf8rdkc2qpxe2h9s",
  "fields": {
    "session_data": ".eJxVjMEOwiAQRP-FsyGFBRGP3vsNhGUXqRpISnsy_rtt0oMeZ96beYsQ16WEtfMcJhJXoY04_ZYY05PrTugR673J1OoyTyh3RR60y7ERv26H-3dQYi_bWgFZ4Eyec0KdUXnyoCFZ55SPShlgAtIKzJmGCw8G2QH6uEVrdbLi8wUVGzgB:1vnWpv:R9gKYjDRhJn-9u5dQxosGuPTrng7UZpc67-ltKNUhk0",
    "expire_date": "2026-02-18T06:58:03.720Z"
  }
},
{
  "model": "sessions.session",
  "pk": "gl63fp0gvrlony4zmd0itcfvcs5zjcu6",
  "fields": {
    "session_data": ".eJxVjEEOwiAQRe_C2pCBgh1cuvcMZBhGqRpISrsy3l2bdKHb_977LxVpXUpcu8xxyuqknDr8bon4IXUD-U711jS3usxT0puid9r1pWV5nnf376BQL98aRgPJJu-8tQMjhiNmvA7E5DiTOIMBTGKxIM6zgQACBoTQjwkpePX-AMwLN18:1vnE1e:9cAVf28Jk7G8ueQ-jcAzp2rNylItnEF1s3asdjSkOp8",
    "expire_date": "2026-02-17T10:52:54.352Z"
  }
},
{
  "model": "sessions.session",
  "pk": "gxx61zrnedo03n6cut4ojsbqr2wjgsxp",
  "fields": {
    "session_data": ".eJxVjEEOwiAQRe_C2hCgA-24dO8ZyDBMpGogKe3KeHdt0oVu_3vvv1SkbS1x67LEOauzcqBOv2MifkjdSb5TvTXNra7LnPSu6IN2fW1ZnpfD_Tso1Mu3RhNwIPYASCJI3pFFY8BzYkxsAzhPnCeexCYL2SHxiCPS4CQFC-r9AQNpOAI:1vnWlT:d44wCNo52LAApA_5-VEE1aWBH9Sdvof2nrPZqsA_qaw",
    "expire_date": "2026-02-18T06:53:27.400Z"
  }
},
{
  "model": "sessions.session",
  "pk": "gzd8tyz3ih21mx7n210lesfaksb9y56l",
  "fields": {
    "session_data": ".eJxVjEEOwiAQRe_C2pARBIpL9z0DmWFAqoYmpV0Z7y5NutDte-__twi4rSVsLS1hYnEVWonTLySMz1R3ww-s91nGua7LRHJP5GGbHGdOr9vR_h0UbKWvLbozZwJDzoJRXnkNhDQwA2qHnepkyUT21E_9JWs3AGVnU_aawYnPFxL2OJc:1vnb2s:CstzERWpa7xLDqscxqoqfF51DeKYZcXDLjHwzDWUz34",
    "expire_date": "2026-02-18T11:27:42.445Z"
  }
},
{
  "model": "sessions.session",
  "pk": "h1gsyrwgi3c1tbd57ya1a6apziyzmx88",
  "fields": {
    "session_data": ".eJxVjDsOwjAQRO_iGlnxZm0TSvqcIZr1GhxAiZRPhbg7iZQCNN28N_M2HdaldOucp65XczHE5vRbCtIzDzvRB4b7aNM4LFMvdlfsQWfbjppf18P9OyiYy7YWFxFI0EQSPlOQ6OEar3VSj4oDJwZYXSb2IUJrUsYWvTWgWIn5fAEC7zga:1vnWeW:MDdTCdvN5MP5IXKbxGbD2zJg-q3649_0ASuK8y0gqY4",
    "expire_date": "2026-02-18T06:46:16.623Z"
  }
},
{
  "model": "sessions.session",
  "pk": "h43lu3v5dupaf1fy6qgaak1ywufees8f",
  "fields": {
    "session_data": ".eJxVjMsOwiAQRf-FtSGUx9C6dO83kGEYpGogKe3K-O_apAvd3nPOfYmA21rC1nkJcxJnYcXpd4tID647SHestyap1XWZo9wVedAury3x83K4fwcFe_nWzpJijKgpwkTsNbB1WmVQ4NEZB5QGpYZIeWQcIYFjb3K2kY3CCZ14fwDzSThX:1vbv1d:MtO71_mzIZX3MqPnaTY8PBXVFNsPCsLc7TZUFCkUKvQ",
    "expire_date": "2026-01-17T06:22:09.822Z"
  }
},
{
  "model": "sessions.session",
  "pk": "h7we5plrb9ne96wqdvsk9xbdhlxku6z2",
  "fields": {
    "session_data": ".eJxVjDsOwjAQBe_iGllZfxKbkp4zRLveNQ4gR4qTCnF3iJQC2jcz76VG3NYybk2WcWJ1Vk6dfjfC9JC6A75jvc06zXVdJtK7og_a9HVmeV4O9--gYCvfGg33oSMD4AcQoNT5aCx7CSEOAwSiZC1bQJfBWes4ImXM5MX1nrOo9wfNbzf6:1vnG5b:ypcN97l3n_UWVXugbw2Addj5-rjsnd5YxDpjtuj7Vms",
    "expire_date": "2026-02-17T13:05:07.977Z"
  }
},
{
  "model": "sessions.session",
  "pk": "i4ctp78ca25k2wb5kpyfr5uuc0rguh6m",
  "fields": {
    "session_data": ".eJxVjDsOwjAQBe_iGlnGPxxK-pzB8np3cQDZUpxUiLuTSCmgnZn33iKmdSlx7TTHCcVVWHH6ZZDyk-ou8JHqvcnc6jJPIPdEHrbLsSG9bkf7d1BSL9va68GjIYvZG4vKaac105nhQk5twBCwAUCwVulMQD4kwyG5oNkOzOLzBesuOJE:1vnFty:-icMBXsxWss9TC_4xRq5JF0qRKcDmqp5ZT7FuWpQxw0",
    "expire_date": "2026-02-17T12:53:06.944Z"
  }
},
{
  "model": "sessions.session",
  "pk": "i7bkpe23tmckk0cxvfvvpckxfttcue6q",
  "fields": {
    "session_data": ".eJxVjEEOgjAQRe_StWmmzJSpLt1zBtJpB4saSCisjHdXEha6_e-9_zJ93NbSb1WXfszmYtCZ0-8oMT102km-x-k22zRP6zKK3RV70Gq7Oevzerh_ByXW8q29Y2ZkElQNQiIYYmhYhnMCzkEzgA_swQ2AbTOoTyREDG0kYMJs3h_yODdH:1vnc3A:OFfZgOqa7NRWn9iVD1YDINWy5NOVGEfqkkxb6eEBuqw",
    "expire_date": "2026-02-18T12:32:04.285Z"
  }
},
{
  "model": "sessions.session",
  "pk": "is2qahp74rr9zqo9zxp0ours6p2zrrp5",
  "fields": {
    "session_data": ".eJxVjEEOwiAQRe_C2pBSoKVduvcMZIYZLGrAlDbRGO-uTbrQ7X_vv5fwsC6TXyvPPpEYhRGH3w0hXDlvgC6Qz0WGkpc5odwUudMqT4X4dtzdv8AEdfq-oaXONdgqZXvFCkNjh1aTZeeGvlcOMWhNWoGJymhtaACMENGy6SxF3qKVa00le37c0_wUY_P-AHdNPzc:1volLF:DfsEDDEOhqrjUuGeFl2phNj5nAe9h7Pdw73SrNA5fac",
    "expire_date": "2026-02-21T16:39:29.387Z"
  }
},
{
  "model": "sessions.session",
  "pk": "ixlbeaq5jm8ku4yczrvv8qp7lfje7bya",
  "fields": {
    "session_data": "e30:1vnanl:QYhPYXpyXu2ylyTVqfH6IsNNzmu2GuqqE-AuK_5iROQ",
    "expire_date": "2026-02-18T11:12:05.598Z"
  }
},
{
  "model": "sessions.session",
  "pk": "j1nu566bn8nk7b4gh0m8yqoyr3sepxf6",
  "fields": {
    "session_data": ".eJxVjDsOwjAQBe_iGllZfxKbkp4zRLveNQ4gR4qTCnF3iJQC2jcz76VG3NYybk2WcWJ1Vk6dfjfC9JC6A75jvc06zXVdJtK7og_a9HVmeV4O9--gYCvfGg33oSMD4AcQoNT5aCx7CSEOAwSiZC1bQJfBWes4ImXM5MX1nrOo9wfNbzf6:1volgR:94tnmJhfQYs0xb_f9yJvthVkfsnzH5fe3XyV-PQuvKU",
    "expire_date": "2026-02-21T17:01:23.391Z"
  }
},
{
  "model": "sessions.session",
  "pk": "jgp6eln57alad106detjqe6cwc2k2657",
  "fields": {
    "session_data": ".eJxVjDsOwjAQBe_iGllZfxKbkp4zRLveNQ4gR4qTCnF3iJQC2jcz76VG3NYybk2WcWJ1Vk6dfjfC9JC6A75jvc06zXVdJtK7og_a9HVmeV4O9--gYCvfGg33oSMD4AcQoNT5aCx7CSEOAwSiZC1bQJfBWes4ImXM5MX1nrOo9wfNbzf6:1volfy:EddgRTri8DMKNK8ccBT2tqHtvG05Vtwpntcfftqgj7M",
    "expire_date": "2026-02-21T17:00:54.047Z"
  }
},
{
  "model": "sessions.session",
  "pk": "jhlv90ral3g8hp87r5qonmjx7fvh3btg",
  "fields": {
    "session_data": ".eJxVjMsOwiAQRf-FtSE8ptB26d5vIAwDFjVgSptojP-uTbrQ7T3nnhdzfl0mt7Y4u0xsZGDY4XdEH66xbIQuvpwrD7Usc0a-KXynjZ8qxdtxd_8Ck2_T940JlQoDYoeIFAaQOiVKvZVkrBn6TngFQgrSVoC0KCAko7GPsZOgQW3RFlvLtbj4uOf5yUbx_gDTST84:1vzDXX:2gNnW06Q8cPVI0Rn1tJjQJlfJ0XZfrtudXCFxfyGr2Y",
    "expire_date": "2026-03-22T12:47:23.957Z"
  }
},
{
  "model": "sessions.session",
  "pk": "jr6wpcothiwcxy6rx40p86jkw1eascao",
  "fields": {
    "session_data": ".eJxVjEEOwiAQRe_C2hCgA4hL956BzMAgVUOT0q6Md7dNutDtf-_9t4i4LjWunec4ZnERIE6_G2F6cttBfmC7TzJNbZlHkrsiD9rlbcr8uh7u30HFXrfawcA4kGddbNJA2pPyBNYga-s0ci6mOIMlQziX4IxXoNBsWSINKojPF-esN5A:1vnE1F:8bUCfSe84ERgVIpe0VNHl3QVdkW8jeUTp89KR22yMGg",
    "expire_date": "2026-02-17T10:52:29.903Z"
  }
},
{
  "model": "sessions.session",
  "pk": "jva2buotqaw560ghcp5yjlswbbz2hrtn",
  "fields": {
    "session_data": ".eJxVjDsOwjAQBe_iGllZfxKbkp4zRLveNQ4gR4qTCnF3iJQC2jcz76VG3NYybk2WcWJ1Vk6dfjfC9JC6A75jvc06zXVdJtK7og_a9HVmeV4O9--gYCvfGg33oSMD4AcQoNT5aCx7CSEOAwSiZC1bQJfBWes4ImXM5MX1nrOo9wfNbzf6:1vzUIc:HPDhOgDL7O6RfhAh-_ZVlwkUJHlUq2PwN2qeytKDL0A",
    "expire_date": "2026-03-23T06:41:06.017Z"
  }
},
{
  "model": "sessions.session",
  "pk": "kehj0bxtihub2w86v7ydexickwrqegl3",
  "fields": {
    "session_data": ".eJxVjMEOwiAQRP-FsyGFBRGP3vsNhGUXqRpISnsy_rtt0oMeZ96beYsQ16WEtfMcJhJXoY04_ZYY05PrTugR673J1OoyTyh3RR60y7ERv26H-3dQYi_bWgFZ4Eyec0KdUXnyoCFZ55SPShlgAtIKzJmGCw8G2QH6uEVrdbLi8wUVGzgB:1vzUJI:3evI_MtfyX9ymk-tHPbQZ2LPoyetQvx8x-VO--0UAZw",
    "expire_date": "2026-03-23T06:41:48.444Z"
  }
},
{
  "model": "sessions.session",
  "pk": "klfd0fezxa1ax3ho3f24rx01sao9srov",
  "fields": {
    "session_data": ".eJxVjDsOwjAQRO_iGllrr-MPJX3OYK3jNQ6gRMqnQtwdR0oB0lQzb95bRNq3GveVlzhmcRU6iMtvmWh48nQs-UHTfZbDPG3LmOSByHNdZT9nft1O9k9Qaa3tbbFQC-tA1GUFYNlBKuipOQogAqBS3hiXFFlNBrzjgMCmMHYOxOcLE103tQ:1vnF8v:5BV2wIOd56KLUIrBQ-Mr7093O5-kEdqXEdiIUPb336A",
    "expire_date": "2026-02-17T12:04:29.779Z"
  }
},
{
  "model": "sessions.session",
  "pk": "kmxzrk00k9kna1ifoztetcoqllny42pm",
  "fields": {
    "session_data": ".eJxVjEEOgjAQRe_StWmmzJSpLt1zBtJpB4saSCisjHdXEha6_e-9_zJ93NbSb1WXfszmYtCZ0-8oMT102km-x-k22zRP6zKK3RV70Gq7Oevzerh_ByXW8q29Y2ZkElQNQiIYYmhYhnMCzkEzgA_swQ2AbTOoTyREDG0kYMJs3h_yODdH:1vzCih:18KUFapD_wiGIAnE6DcehE-oOj4LckiGoujQRGAyZLQ",
    "expire_date": "2026-03-22T11:54:51.326Z"
  }
},
{
  "model": "sessions.session",
  "pk": "ku6g02sbh500lqpfv6j6zh4syie8g0e3",
  "fields": {
    "session_data": ".eJxVjMsOwiAQRf-FtSEMjPSxdO83EOgMFjXQlDbRGP9dm3Sh23vOPS_h_LqMbq08u0SiFygOv1vww43zBujq86XIoeRlTkFuitxpledCfD_t7l9g9HX8vvlI1IHXERCCUbZlTRhaMB1h09moG9-isqDAmMFrjkYFRoWgY4zGNlu0cq2pZMePKc1P0av3B2utPnE:1vcfRF:Xk9QoaU2-Rnv8h9yZbb_BqmCpYSEoYtiIqvExxl9tbk",
    "expire_date": "2026-01-19T07:55:41.935Z"
  }
},
{
  "model": "sessions.session",
  "pk": "kwdv5v42k8sbxw0wkyiwde8yw2p87gz4",
  "fields": {
    "session_data": ".eJxVjEEOwiAQRe_C2pCBQnFcuu8ZyMCAVA0kpV0Z765NutDtf-_9l_C0rcVvPS1-ZnERRpx-t0DxkeoO-E711mRsdV3mIHdFHrTLqXF6Xg_376BQL98ajQkpuTFAPmsyGpFIO-AEbAHC6JAzKlbGIqMZtIqAQwQXh2xtJCXeH9rHN3A:1vnE3A:p0rz8GEjsyyCdHcmeHRNNWOzdeMxnS3322uN4o8aMB8",
    "expire_date": "2026-02-17T10:54:28.950Z"
  }
},
{
  "model": "sessions.session",
  "pk": "l4m4ubeojvoot1cfvb1arhi00hghvldr",
  "fields": {
    "session_data": ".eJxVjDsOwjAQBe_iGllZfxKbkp4zRLveNQ4gR4qTCnF3iJQC2jcz76VG3NYybk2WcWJ1Vk6dfjfC9JC6A75jvc06zXVdJtK7og_a9HVmeV4O9--gYCvfGg33oSMD4AcQoNT5aCx7CSEOAwSiZC1bQJfBWes4ImXM5MX1nrOo9wfNbzf6:1vzTnU:Ey3wuXvcr2d3Ybo8LwiEO37XiNTW3wJ9THOdYRsjS1E",
    "expire_date": "2026-03-23T06:08:56.418Z"
  }
},
{
  "model": "sessions.session",
  "pk": "l9pj48hw78l0ech9fqx5a5hjahei62gp",
  "fields": {
    "session_data": ".eJxVjDsOwjAQBe_iGllZfxKbkp4zRLveNQ4gR4qTCnF3iJQC2jcz76VG3NYybk2WcWJ1Vk6dfjfC9JC6A75jvc06zXVdJtK7og_a9HVmeV4O9--gYCvfGg33oSMD4AcQoNT5aCx7CSEOAwSiZC1bQJfBWes4ImXM5MX1nrOo9wfNbzf6:1vzTnd:F63vxBURRiHnBLdHt6Mbo3j5oKJDj-yukP9_bhPEWQA",
    "expire_date": "2026-03-23T06:09:05.771Z"
  }
},
{
  "model": "sessions.session",
  "pk": "lbmb33l6vrh5xml8rh7ho55lrxmq56r4",
  "fields": {
    "session_data": ".eJxVjMsOwiAQRf-FtSHA8HTp3m8gAwxSNTQp7cr479qkC93ec859sYjb2uI2aIlTYWem2el3S5gf1HdQ7thvM89zX5cp8V3hBx38Ohd6Xg7376DhaN9agBGUqpVBekhUQHkKoaIGcE6jzYGUkA69NdqCdx6zttlnRQYQq2HvD8miN1U:1vnFom:Q4dEYNoMQC18sctlcAjaNAuc8vORxvIUXTVPA9Y5O_c",
    "expire_date": "2026-02-17T12:47:44.613Z"
  }
},
{
  "model": "sessions.session",
  "pk": "lcq6ctnw5zizds07rhqu06trdzhub5wn",
  "fields": {
    "session_data": "e30:1voeYl:wkrqSkdxCSc-KYqlhwzbUxLEWfHPcNysIgNGqDxa4eE",
    "expire_date": "2026-02-21T09:24:59.458Z"
  }
},
{
  "model": "sessions.session",
  "pk": "lfzc9i6ut3e9bywshzfpzmx2t7qeenwb",
  "fields": {
    "session_data": ".eJxVjMsOwiAQRf-FtSFYHgMu3fcbCAMztmogKe3K-O_apAvd3nPOfYmYtnWKW6clzkVchAZx-h0x5QfVnZR7qrcmc6vrMqPcFXnQLsdW6Hk93L-DKfXpWxsgsF4zD5aQBkfAqBxnr3WgobiEYKiozO5cvDGEwbJFAJW0JQ5KvD8jNji3:1vog7y:RYo6pt6_q-xm9BzvUs3lO6fQuzQfDjGcGh4ZPZaBb1U",
    "expire_date": "2026-02-21T11:05:26.277Z"
  }
},
{
  "model": "sessions.session",
  "pk": "lk5c78yq1pkhfji3nliojzktoxgetoed",
  "fields": {
    "session_data": ".eJxVjEEOgjAQRe_StWna0nHApXvOQGY6U4saSCisjHdXEha6_e-9_zIDbWsZtqrLMIq5mGhOvxtTeui0A7nTdJttmqd1Gdnuij1otf0s-rwe7t9BoVq-dYBWQyMIMUc4e3GcITtOrSBDElBwSp1jJkYXIlGHDpuGMPvgMbfm_QHqHzf4:1vnEOJ:s7piMsBewneOQSLQx8kFP0apR7Sb_m6aimtBO6QO_sg",
    "expire_date": "2026-02-17T11:16:19.891Z"
  }
},
{
  "model": "sessions.session",
  "pk": "lkf8wkb3pcmxlj9ax60o3i7x5wg581j4",
  "fields": {
    "session_data": ".eJxVjEEOgjAQRe_StWlKmcLUpXvP0Mx0poIaSCisjHdXEha6_e-9_zKJtnVIW9UljWLOxkdz-h2Z8kOnncidptts8zyty8h2V-xBq73Oos_L4f4dDFSHb41FQuNRIYAKOc7QBOyK7zn2wYEgFocMElp2PWaPETol1yo7gqiNeX8AAEw3tQ:1vnEG1:Ontn5iUobGW2eI4Li8SiTkBENEbk5rbDI49J28-JUcM",
    "expire_date": "2026-02-17T11:07:45.495Z"
  }
},
{
  "model": "sessions.session",
  "pk": "lmod01j0scg0x9d3whhm50hcch8lle92",
  "fields": {
    "session_data": ".eJxVjDsOwjAQBe_iGllZfxKbkp4zRLveNQ4gR4qTCnF3iJQC2jcz76VG3NYybk2WcWJ1Vk6dfjfC9JC6A75jvc06zXVdJtK7og_a9HVmeV4O9--gYCvfGg33oSMD4AcQoNT5aCx7CSEOAwSiZC1bQJfBWes4ImXM5MX1nrOo9wfNbzf6:1volsl:8hIr6b3tLUy_4XAhGszFS7r-vC9gm1mHhOVE326aBc0",
    "expire_date": "2026-02-21T17:14:07.633Z"
  }
},
{
  "model": "sessions.session",
  "pk": "mwh7rcqhz9fi4onpp2vf53zdi3jvra5g",
  "fields": {
    "session_data": ".eJxVjDEOwjAMRe-SGUUhiRyHkZ0zVLZj0QJKpKadKu4OlTrA-t97fzMDrcs4rF3nYSrmYpI5_W5M8tS6g_Kgem9WWl3mie2u2IN2e2tFX9fD_TsYqY_fOoiTMyATeAweMQnlHEGcx0IxhZgiIoMkrwwcAytoAECHCjEnZ94fxIY20w:1vckL2:TpknaEh5jPGoK9nIy_IL0pdONvflueykKByChc81yz4",
    "expire_date": "2026-01-19T13:09:36.810Z"
  }
},
{
  "model": "sessions.session",
  "pk": "mx3m8nz6hlhhexzcde18tz46zg0dknyv",
  "fields": {
    "session_data": ".eJxVjsEOwiAQRP-FsyErpbT06N1vIOyytagBA22iMf671vSg13lvJvMUzi_z5JbKxcUgBqHF7jdDTxdOKwhnn05ZUk5ziShXRW60ymMOfD1s7t_A5Ov0aXvoFbSsFHq9bwywMn2wAKQagLYb0ZJFg0zaarYjaqKxA2O1UpoZv68q1xpzcny_xfIQA7zea1A-1Q:1vchmo:N-eom5-uBWl3UtWHwdKTgMTeF0PqRnubpXks3DQCeQU",
    "expire_date": "2026-01-19T10:26:06.537Z"
  }
},
{
  "model": "sessions.session",
  "pk": "n4akc4pvr2xbrts0d04a0fnp8wk48yoy",
  "fields": {
    "session_data": ".eJxVjMsOwiAQRf-FtSGUx9C6dO83kGEYpGogKe3K-O_apAvd3nPOfYmA21rC1nkJcxJnYcXpd4tID647SHestyap1XWZo9wVedAury3x83K4fwcFe_nWzpJijKgpwkTsNbB1WmVQ4NEZB5QGpYZIeWQcIYFjb3K2kY3CCZ14fwDzSThX:1vcdCk:Hrt9czBKnUvXB0aKPOT3zVwVZx6kYtnQEddNCzG9-bA",
    "expire_date": "2026-01-19T05:32:34.789Z"
  }
},
{
  "model": "sessions.session",
  "pk": "n4fckjkbx9y38gbq062bgyfp9vlfyro7",
  "fields": {
    "session_data": ".eJxVjsEOwiAQRP-FsyErpbT06N1vIOyytagBA22iMf671vSg13lvJvMUzi_z5JbKxcUgBqHF7jdDTxdOKwhnn05ZUk5ziShXRW60ymMOfD1s7t_A5Ov0aXvoFbSsFHq9bwywMn2wAKQagLYb0ZJFg0zaarYjaqKxA2O1UpoZv68q1xpzcny_xfIQA7zea1A-1Q:1vciuS:kuhVJmYvU5Ha2U7AM95goQf9QzHIvAzmZ92qfqfMMxs",
    "expire_date": "2026-01-19T11:38:04.968Z"
  }
},
{
  "model": "sessions.session",
  "pk": "nfdv7452xzldpsajzdgvqkym0z2s3lch",
  "fields": {
    "session_data": "e30:1vbuz7:z7orFFkd2i2loj5jwqDfXOHGvPW2viVwKnbxxLWkCQw",
    "expire_date": "2026-01-17T06:19:33.594Z"
  }
},
{
  "model": "sessions.session",
  "pk": "nmdxhbwfyog9xbxvo39sy3rkhsu4yxkb",
  "fields": {
    "session_data": ".eJxVjDEOwjAMRe-SGUUhiRyHkZ0zVLZj0QJKpKadKu4OlTrA-t97fzMDrcs4rF3nYSrmYpI5_W5M8tS6g_Kgem9WWl3mie2u2IN2e2tFX9fD_TsYqY_fOoiTMyATeAweMQnlHEGcx0IxhZgiIoMkrwwcAytoAECHCjEnZ94fxIY20w:1vckMv:K-LHB7cEAFtLynX2_QKkE-RI8nKhiksYeiiWjj3G_6c",
    "expire_date": "2026-01-19T13:11:33.014Z"
  }
},
{
  "model": "sessions.session",
  "pk": "nnqo011sw5e94eqrrk5nudj2j1sldm6s",
  "fields": {
    "session_data": ".eJxVjEEOwiAQRe_C2pAyFJlx6b5nIANDpWpoUtqV8e7apAvd_vfef6nA21rC1vISJlEXBaROv2Pk9Mh1J3Lnept1muu6TFHvij5o08Ms-Xk93L-Dwq18a4uEfozZpYRoqRMDPYkhJIgJ2ItNxGh6h93ZsgcDo2FiixxRnM3q_QH1VTeP:1vnEOD:PSacvbUbZ9Ie84QwGkSzf7KQtsbizL5LeA2TRe0nAsI",
    "expire_date": "2026-02-17T11:16:13.350Z"
  }
},
{
  "model": "sessions.session",
  "pk": "o0lnk28kg16kufv550m4uuzsljmwn2nb",
  "fields": {
    "session_data": ".eJxVjDsOwjAQBe_iGllZfxKbkp4zRLveNQ4gR4qTCnF3iJQC2jcz76VG3NYybk2WcWJ1Vk6dfjfC9JC6A75jvc06zXVdJtK7og_a9HVmeV4O9--gYCvfGg33oSMD4AcQoNT5aCx7CSEOAwSiZC1bQJfBWes4ImXM5MX1nrOo9wfNbzf6:1vnG3P:0hhWg3M9ZBSwZRy2YFWfKsiLbx-2DqvGIMnMhtGM6gY",
    "expire_date": "2026-02-17T13:02:51.525Z"
  }
},
{
  "model": "sessions.session",
  "pk": "o59eg2il2bhwh9la13ccxv3o0enaess5",
  "fields": {
    "session_data": ".eJxVjEEOwiAQRe_C2pCxWCgu3XsGMtMZLGrAlDbRGO9um3Sh2_f-f28VcJ6GMFcZQ2J1VKZRu19I2N8kr4avmC9F9yVPYyK9TvRmqz4Xlvtp2_4FBqzD8rbo9hwJWnIW2sY33gAhdcyAxuFCjVhqe_a0RP0hGtcBRWclesPg1miVWlPJQZ6PNL7UET5fyQk_1A:1vnbpc:AJuV7Ks1UfWer6vk_r63hIY8ph6lA4dBhV-uyLDiyDM",
    "expire_date": "2026-02-18T12:18:04.466Z"
  }
},
{
  "model": "sessions.session",
  "pk": "ofdeez7ympqhs9b7zr8cmmyyomyheqn2",
  "fields": {
    "session_data": ".eJxVzMEOwiAQBNB_4WxIu7QWPHr3G8guu0jVQFLak_HfpUkPep15M2_lcVuT36osfmZ1UeDU6TckDE_Je8MPzPeiQ8nrMpPeiT7aqm-F5XU97N9BwpramqTrqY8yCgckO0FnOsfOGCORorMW4jBAU2xABMPUSDg7a8iODoHV5wsr1Dik:1vnatF:7d3vlu0LcdKpHvUhBL6qrgJV99DgzlPx2Nwlbyw0kSw",
    "expire_date": "2026-02-18T11:17:45.261Z"
  }
},
{
  "model": "sessions.session",
  "pk": "ohaaonm029hk4hxw9ystxhbul6cv3mdx",
  "fields": {
    "session_data": ".eJxVjsEOwiAQRP-FsyErpbT06N1vIOyytagBA22iMf671vSg13lvJvMUzi_z5JbKxcUgBqHF7jdDTxdOKwhnn05ZUk5ziShXRW60ymMOfD1s7t_A5Ov0aXvoFbSsFHq9bwywMn2wAKQagLYb0ZJFg0zaarYjaqKxA2O1UpoZv68q1xpzcny_xfIQA7zea1A-1Q:1vchoQ:4tssEG5lNdwACWYuQYo79QjzCgL-o4irE33n01MnkXE",
    "expire_date": "2026-01-19T10:27:46.157Z"
  }
},
{
  "model": "sessions.session",
  "pk": "ohsyy4jqa6s83zmoa49kbamu8qxijwle",
  "fields": {
    "session_data": ".eJxVjEEOwiAQRe_C2pARBIpL9z0DmWFAqoYmpV0Z7y5NutDte-__twi4rSVsLS1hYnEVWonTLySMz1R3ww-s91nGua7LRHJP5GGbHGdOr9vR_h0UbKWvLbozZwJDzoJRXnkNhDQwA2qHnepkyUT21E_9JWs3AGVnU_aawYnPFxL2OJc:1vnb5D:tXQjymM7RLB2nSxSU2CkKoyWJtwef0BG0Du-MTZI8Tg",
    "expire_date": "2026-02-18T11:30:07.874Z"
  }
},
{
  "model": "sessions.session",
  "pk": "oxve89amht5ubtpxroswxbeeemc11ief",
  "fields": {
    "session_data": ".eJxVjEEOwiAQAP_C2RCglgWP3n0D2WVBqgaS0p6MfzckPeh1ZjJvEXDfSth7WsPC4iLO4vTLCOMz1SH4gfXeZGx1WxeSI5GH7fLWOL2uR_s3KNjL2LrsiJhB6-xV5mgMaJqi8ZqUYjDeTug5KbROz8BqzgkmjBYdACUSny_sijgz:1vnE26:P_sVuUpEgSPGvdlI2cSqXUSCV6n4-KwaqLCrM-XlZx4",
    "expire_date": "2026-02-17T10:53:22.100Z"
  }
},
{
  "model": "sessions.session",
  "pk": "oyx0peq7lxrotppxzcrfmfwzz509joom",
  "fields": {
    "session_data": ".eJxVjEEOgjAQRe_StWlKmcLUpXvP0Mx0poIaSCisjHdXEha6_e-9_zKJtnVIW9UljWLOxkdz-h2Z8kOnncidptts8zyty8h2V-xBq73Oos_L4f4dDFSHb41FQuNRIYAKOc7QBOyK7zn2wYEgFocMElp2PWaPETol1yo7gqiNeX8AAEw3tQ:1vnDvi:B9RW5MDb-MQwI4oIm5Um1tyu79cLKoExwrFNxE9LzvI",
    "expire_date": "2026-02-17T10:46:46.846Z"
  }
},
{
  "model": "sessions.session",
  "pk": "pculzaurl6fylrcsv2nq7yhajkoilaij",
  "fields": {
    "session_data": ".eJxVjEEOwiAQRe_C2pBSoKVduvcMZIYZLGrAlDbRGO-uTbrQ7X_vv5fwsC6TXyvPPpEYhRGH3w0hXDlvgC6Qz0WGkpc5odwUudMqT4X4dtzdv8AEdfq-oaXONdgqZXvFCkNjh1aTZeeGvlcOMWhNWoGJymhtaACMENGy6SxF3qKVa00le37c0_wUY_P-AHdNPzc:1volMo:_6GIXBIpKYdkAd8ex9YMNWNl0UI1YI4enfqieqUlutI",
    "expire_date": "2026-02-21T16:41:06.293Z"
  }
},
{
  "model": "sessions.session",
  "pk": "pgxq0xnnpc4aj89xz2g6ocrad2tgp25t",
  "fields": {
    "session_data": ".eJxVjMEOwiAQRP-FsyGFBRGP3vsNhGUXqRpISnsy_rtt0oMeZ96beYsQ16WEtfMcJhJXoY04_ZYY05PrTugR673J1OoyTyh3RR60y7ERv26H-3dQYi_bWgFZ4Eyec0KdUXnyoCFZ55SPShlgAtIKzJmGCw8G2QH6uEVrdbLi8wUVGzgB:1vzUdQ:Oz-Z6T7PAjgKlbMfCdzrUSGdCBoum8uT6sFq4bkowqc",
    "expire_date": "2026-03-23T07:02:36.887Z"
  }
},
{
  "model": "sessions.session",
  "pk": "pm25vjwsg0klyu0w8s7p6brntci5fs9w",
  "fields": {
    "session_data": ".eJxVjEEOwiAQRe_C2hBKhQGX7nsGMjCMVA0kpV0Z765NutDtf-_9lwi4rSVsPS9hJnERgxOn3zFieuS6E7pjvTWZWl2XOcpdkQftcmqUn9fD_Tso2Mu3jpacQxjSyFEhez3yGWBkxVqzskaBAes9qWy08UklipmMRYaYwIET7w8KiTgj:1vd23J:z7kQnTCNSrkOmc_XLGsgrKxLk-Wf0elUle01NPyitjE",
    "expire_date": "2026-01-20T08:04:29.140Z"
  }
},
{
  "model": "sessions.session",
  "pk": "qbwr6dr2t2i31xpwh7vwwsaagb7jfo0a",
  "fields": {
    "session_data": ".eJxVjEsOwjAMBe-SNYqM66YNS_Y9QxQ7LimgROpnhbg7VOoCtm9m3suEuK05bIvOYUrmYsicfjeO8tCyg3SP5Vat1LLOE9tdsQdd7FCTPq-H-3eQ45K_dYQeoVVEjnRuHCi6PnkAwQag7Ub24tmxCnlSPzKJjB04T4ikymTeH8kaN5g:1vn9PW:dmW1K8gXpxQtEJ_yF-EK15PW9A9Pzj5IOizukfw0Y_M",
    "expire_date": "2026-02-17T05:57:14.039Z"
  }
},
{
  "model": "sessions.session",
  "pk": "qtcg4xs1b5ok4jaoeazu28zyels0zvuu",
  "fields": {
    "session_data": ".eJxVjEsOwjAMBe-SNYqM66YNS_Y9QxQ7LimgROpnhbg7VOoCtm9m3suEuK05bIvOYUrmYsicfjeO8tCyg3SP5Vat1LLOE9tdsQdd7FCTPq-H-3eQ45K_dYQeoVVEjnRuHCi6PnkAwQag7Ub24tmxCnlSPzKJjB04T4ikymTeH8kaN5g:1vn9PG:2WmZRX4e1SBxM307NCbe30zyqYfG4G7jXBD6QtzC4LU",
    "expire_date": "2026-02-17T05:56:58.722Z"
  }
},
{
  "model": "sessions.session",
  "pk": "qwy98ihbh9he7ogpw2bcmzfzrmrcztsf",
  "fields": {
    "session_data": ".eJxVjMsOgjAQRf-la9PQju1Ql-75BjKPYlEDCYWV8d-VhIVu7znnvkxP21r6realH9VczNmcfjcmeeRpB3qn6TZbmad1Gdnuij1otd2s-Xk93L-DQrV8a9EgyTfArtEAjNI25CUFdJFSSqhAGDkr8RABhFNsAcV5BB3Q-WzeH-OtN9k:1vnEGT:szMVZJJERgWlK66jwgTFz94evem6MCR4Lz8CymkpsiU",
    "expire_date": "2026-02-17T11:08:13.459Z"
  }
},
{
  "model": "sessions.session",
  "pk": "qys0bqovzvgkj0is8ew5jt8pqaoa42am",
  "fields": {
    "session_data": ".eJxVjEEOgjAQRe_StWmmzJSpLt1zBtJpB4saSCisjHdXEha6_e-9_zJ93NbSb1WXfszmYtCZ0-8oMT102km-x-k22zRP6zKK3RV70Gq7Oevzerh_ByXW8q29Y2ZkElQNQiIYYmhYhnMCzkEzgA_swQ2AbTOoTyREDG0kYMJs3h_yODdH:1vzUI1:Mxkc8q6b93wNxoaQ8S4SGiqsRIZntWIhR2aRXxfGjfY",
    "expire_date": "2026-03-23T06:40:29.460Z"
  }
},
{
  "model": "sessions.session",
  "pk": "r4bufj492aomsna4lyru5as3qh9xfhek",
  "fields": {
    "session_data": "e30:1vnEkg:0ZR9wiREdzFwMu5mo6AUgp_E73HPdKcCynHqBHbJA6g",
    "expire_date": "2026-02-17T11:39:26.295Z"
  }
},
{
  "model": "sessions.session",
  "pk": "r81ociitygkqr2u6qzipgiz43gizvct9",
  "fields": {
    "session_data": ".eJxVjEEOwiAQRe_C2hBKhQGX7nsGMjCMVA0kpV0Z765NutDtf-_9lwi4rSVsPS9hJnERgxOn3zFieuS6E7pjvTWZWl2XOcpdkQftcmqUn9fD_Tso2Mu3jpacQxjSyFEhez3yGWBkxVqzskaBAes9qWy08UklipmMRYaYwIET7w8KiTgj:1vd1yw:IYRwaB5mz-2Kfgb03QH2e6bEf1tFrV_XKipUJ5efGx8",
    "expire_date": "2026-01-20T07:59:58.944Z"
  }
},
{
  "model": "sessions.session",
  "pk": "rv2l2jwcz5h37cnuuxfa9blaosfcumi2",
  "fields": {
    "session_data": ".eJxVjDsOwjAQBe_iGllZfxKbkp4zRLveNQ4gR4qTCnF3iJQC2jcz76VG3NYybk2WcWJ1Vk6dfjfC9JC6A75jvc06zXVdJtK7og_a9HVmeV4O9--gYCvfGg33oSMD4AcQoNT5aCx7CSEOAwSiZC1bQJfBWes4ImXM5MX1nrOo9wfNbzf6:1vnG32:N-mEkzwM3j8T2QtnHWaQCsKyDvlPZNVAeEZYbtUFxXE",
    "expire_date": "2026-02-17T13:02:28.602Z"
  }
},
{
  "model": "sessions.session",
  "pk": "rvglslfx1xhurf20l5yq749vgm06t8l8",
  "fields": {
    "session_data": ".eJxVjDsOwjAUBO_iGlnGvxhKes5gPe-zcQA5UpxUiLtDpBTQ7szsS0RalxrXnuc4sjgLbcXhd0yER24b4Tu12yQxtWUek9wUudMurxPn52V3_w4q9fqtLZty0soAiqyyAwNHMpqJB3LkU0IAmFSAQzDWQmfvVM6efCkIRbw_Kwg5bg:1vnWQR:p7VEor5YrZnToevixjGalwqAph23XaqHEQuwBGIT8hE",
    "expire_date": "2026-02-18T06:31:43.762Z"
  }
},
{
  "model": "sessions.session",
  "pk": "s4krojn2j6jt835fnsz0yd0cggpj08fo",
  "fields": {
    "session_data": ".eJxVjEEOwiAQRe_C2pBSoKVduvcMZIYZLGrAlDbRGO-uTbrQ7X_vv5fwsC6TXyvPPpEYhRGH3w0hXDlvgC6Qz0WGkpc5odwUudMqT4X4dtzdv8AEdfq-oaXONdgqZXvFCkNjh1aTZeeGvlcOMWhNWoGJymhtaACMENGy6SxF3qKVa00le37c0_wUY_P-AHdNPzc:1vocJF:pLZKh8ZhilMo7FCqrwCUc0Vr1OdSzVjRDR3EyphS5PI",
    "expire_date": "2026-02-21T07:00:49.851Z"
  }
},
{
  "model": "sessions.session",
  "pk": "s6icb0f5nj9npu6j7c5iiia3jf74149m",
  "fields": {
    "session_data": ".eJxVjEEOgjAQRe_StWlKmcLUpXvP0Mx0poIaSCisjHdXEha6_e-9_zKJtnVIW9UljWLOxkdz-h2Z8kOnncidptts8zyty8h2V-xBq73Oos_L4f4dDFSHb41FQuNRIYAKOc7QBOyK7zn2wYEgFocMElp2PWaPETol1yo7gqiNeX8AAEw3tQ:1vnDqI:htALoGceUNoV7EjfVipJ33bSJzqyzZiBUnFKTwEUC2g",
    "expire_date": "2026-02-17T10:41:10.861Z"
  }
},
{
  "model": "sessions.session",
  "pk": "s76fec9yxu53tlq5587s3bptkp0ynjwr",
  "fields": {
    "session_data": ".eJxVjEsOwjAMBe-SNYqM66YNS_Y9QxQ7LimgROpnhbg7VOoCtm9m3suEuK05bIvOYUrmYsicfjeO8tCyg3SP5Vat1LLOE9tdsQdd7FCTPq-H-3eQ45K_dYQeoVVEjnRuHCi6PnkAwQag7Ub24tmxCnlSPzKJjB04T4ikymTeH8kaN5g:1vd3aB:-gPoT6aG7d84JlcyDfHnCtJnv16yWQYjbHSGAnLPoqo",
    "expire_date": "2026-01-20T09:42:31.317Z"
  }
},
{
  "model": "sessions.session",
  "pk": "t6e7qybvkweotrnp194de4up1h5kkysy",
  "fields": {
    "session_data": ".eJxVjEEOwiAQRe_C2hCowIhL9z0DmWFAqgaS0q6MdzckXej2v_f-WwTctxL2ntawsLgKI06_G2F8pjoAP7Dem4ytbutCcijyoF3OjdPrdrh_BwV7GbVzXkVLSqHRLuto2NJZMwEplwAUAEw5Rp0xW-0nDyp71pQTXxwyis8X4eU4Xw:1vnE2V:NN6GnmRnWRscslnSq5PJxIqMNJVfnMARWi9_swKKjao",
    "expire_date": "2026-02-17T10:53:47.056Z"
  }
},
{
  "model": "sessions.session",
  "pk": "tj4xudyx220uakcfiy1sq0jjyyhhvdgh",
  "fields": {
    "session_data": ".eJxVjEEOgjAQRe_StWna0nHApXvOQGY6U4saSCisjHdXEha6_e-9_zIDbWsZtqrLMIq5mGhOvxtTeui0A7nTdJttmqd1Gdnuij1otf0s-rwe7t9BoVq-dYBWQyMIMUc4e3GcITtOrSBDElBwSp1jJkYXIlGHDpuGMPvgMbfm_QHqHzf4:1vnEOG:y3UNyWhVxKp80fiKABoalNGQWrONgKniaF_Nh9jXFsQ",
    "expire_date": "2026-02-17T11:16:16.941Z"
  }
},
{
  "model": "sessions.session",
  "pk": "tjxrba63y5ufpl6et2x9ojqk3moar0c6",
  "fields": {
    "session_data": ".eJxVjEsOwjAMBe-SNYqM66YNS_Y9QxQ7LimgROpnhbg7VOoCtm9m3suEuK05bIvOYUrmYsicfjeO8tCyg3SP5Vat1LLOE9tdsQdd7FCTPq-H-3eQ45K_dYQeoVVEjnRuHCi6PnkAwQag7Ub24tmxCnlSPzKJjB04T4ikymTeH8kaN5g:1vcgrn:DhWPTbOwjqGXe5XzKmAPfO3-y3S74T90mZH3YchW1aw",
    "expire_date": "2026-01-19T09:27:11.929Z"
  }
},
{
  "model": "sessions.session",
  "pk": "to4izqpv798wfq3lwn2r5ewum6qcmu1z",
  "fields": {
    "session_data": ".eJxVjMEOwiAQRP-FsyGFBRGP3vsNhGUXqRpISnsy_rtt0oMeZ96beYsQ16WEtfMcJhJXoY04_ZYY05PrTugR673J1OoyTyh3RR60y7ERv26H-3dQYi_bWgFZ4Eyec0KdUXnyoCFZ55SPShlgAtIKzJmGCw8G2QH6uEVrdbLi8wUVGzgB:1vzUJ9:gLS1vhLroejhicVUGZ4ZnTTlISqZ6Ht22JH4-vVLIx8",
    "expire_date": "2026-03-23T06:41:39.404Z"
  }
},
{
  "model": "sessions.session",
  "pk": "tw41zo7zlxsrqtzdgp1rxqb96dzx7xiz",
  "fields": {
    "session_data": ".eJxVjEEOwiAQRe_C2pABSodx6d4zEBioVA0kpV0Z765NutDtf-_9l_BhW4vfel78nMRZOHH63WLgR647SPdQb01yq-syR7kr8qBdXlvKz8vh_h2U0Mu3NoGUsgNhdIoIeAoaI6BFinowCWxWDIjsNINVFK3CydGYAFIeDRvx_gC2jTa8:1vcioF:ZYXkA4UYMV3M-bDpy6RrVw-WsU5R3gt5Ezku6oFqpuE",
    "expire_date": "2026-01-19T11:31:39.748Z"
  }
},
{
  "model": "sessions.session",
  "pk": "tz0zuj9haklux5z0olvm6k22cb8afgeo",
  "fields": {
    "session_data": ".eJxVjMEOwiAQRP-FsyGFBRGP3vsNhGUXqRpISnsy_rtt0oMeZ96beYsQ16WEtfMcJhJXoY04_ZYY05PrTugR673J1OoyTyh3RR60y7ERv26H-3dQYi_bWgFZ4Eyec0KdUXnyoCFZ55SPShlgAtIKzJmGCw8G2QH6uEVrdbLi8wUVGzgB:1vzUeG:mjiREob2FsVr9zTFvGWZqyLmqKU_fxVp18_kruD5-4g",
    "expire_date": "2026-03-23T07:03:28.432Z"
  }
},
{
  "model": "sessions.session",
  "pk": "u4ghedeoisx37de3reyu7il5sb4sxwj3",
  "fields": {
    "session_data": ".eJxVjMsOwiAQRf-FtSEDpYVx6d5vIDM8pGogKe3K-O_apAvd3nPOfQlP21r81tPi5yjOQhtx-h2ZwiPVncQ71VuTodV1mVnuijxol9cW0_NyuH8HhXr51gARSEMeQw6DGniyCDqyUoQJbc7OamSHxgBH40ARQNIWR8iTw6BAvD_4hzc6:1vnWXI:tZ_s1RtkErWqsQnrJG4-uODIAxhSQU3BYuLIJp0b0AE",
    "expire_date": "2026-02-18T06:38:48.532Z"
  }
},
{
  "model": "sessions.session",
  "pk": "u5u8kpxb9zz40pnrw516frznakd76fnx",
  "fields": {
    "session_data": ".eJxVjEEOwiAQRe_C2pCxWCgu3XsGMtMZLGrAlDbRGO9um3Sh2_f-f28VcJ6GMFcZQ2J1VKZRu19I2N8kr4avmC9F9yVPYyK9TvRmqz4Xlvtp2_4FBqzD8rbo9hwJWnIW2sY33gAhdcyAxuFCjVhqe_a0RP0hGtcBRWclesPg1miVWlPJQZ6PNL7UET5fyQk_1A:1vnb5C:lO4q1siEd2JNmoL8Fo5bxyGrgioKPb7lMPLHrAQLG3E",
    "expire_date": "2026-02-18T11:30:06.684Z"
  }
},
{
  "model": "sessions.session",
  "pk": "ua5332vo3gi67rxnmkh9zpub6rfgnmgc",
  "fields": {
    "session_data": ".eJxVjEsOwjAMBe-SNYqM66YNS_Y9QxQ7LimgROpnhbg7VOoCtm9m3suEuK05bIvOYUrmYsicfjeO8tCyg3SP5Vat1LLOE9tdsQdd7FCTPq-H-3eQ45K_dYQeoVVEjnRuHCi6PnkAwQag7Ub24tmxCnlSPzKJjB04T4ikymTeH8kaN5g:1vn9a6:DbbWlO_mgI5gQxmyD_kNBy-BKvf6pFZIyl8UBy2cXvU",
    "expire_date": "2026-02-17T06:08:10.586Z"
  }
},
{
  "model": "sessions.session",
  "pk": "up2fpslgtjrcd3cavnq2c24vhcjbgvtu",
  "fields": {
    "session_data": "e30:1vz8iR:SrWQC3shtnR7Q1xCqKcvCzggJQF8E3lOUTabBnPW9ZI",
    "expire_date": "2026-03-22T07:38:19.813Z"
  }
},
{
  "model": "sessions.session",
  "pk": "uvo5iz36o6oojwh9dwrfah269yxetxz9",
  "fields": {
    "session_data": ".eJxVjMsOwiAQRf-FtSGUx9C6dO83kGEYpGogKe3K-O_apAvd3nPOfYmA21rC1nkJcxJnYcXpd4tID647SHestyap1XWZo9wVedAury3x83K4fwcFe_nWzpJijKgpwkTsNbB1WmVQ4NEZB5QGpYZIeWQcIYFjb3K2kY3CCZ14fwDzSThX:1vcHvD:OtHxF93GdrpTBrrCjA909JSyZwrACz5IPWWv8VI_18Y",
    "expire_date": "2026-01-18T06:49:03.178Z"
  }
},
{
  "model": "sessions.session",
  "pk": "v2cff7gxmrxrafad15f08949cfj6mhdw",
  "fields": {
    "session_data": ".eJxVjEEOwiAQRe_C2hBKhQGX7nsGMjCMVA0kpV0Z765NutDtf-_9lwi4rSVsPS9hJnERgxOn3zFieuS6E7pjvTWZWl2XOcpdkQftcmqUn9fD_Tso2Mu3jpacQxjSyFEhez3yGWBkxVqzskaBAes9qWy08UklipmMRYaYwIET7w8KiTgj:1vd2Fs:0GggBwIlGCvF5i4U31Ruce3ANkC-7zfEzKokapl1aMQ",
    "expire_date": "2026-01-20T08:17:28.395Z"
  }
},
{
  "model": "sessions.session",
  "pk": "v4m4coazdqnti3369lsvqowxazrdi59v",
  "fields": {
    "session_data": ".eJxVjEEOwiAQRe_C2pAyFJlx6b5nIANDpWpoUtqV8e7apAvd_vfef6nA21rC1vISJlEXBaROv2Pk9Mh1J3Lnept1muu6TFHvij5o08Ms-Xk93L-Dwq18a4uEfozZpYRoqRMDPYkhJIgJ2ItNxGh6h93ZsgcDo2FiixxRnM3q_QH1VTeP:1vnEOE:VIYncDvsOMB_OHt_0JEPNIG7tO394DY4MULN8jPHr28",
    "expire_date": "2026-02-17T11:16:14.501Z"
  }
},
{
  "model": "sessions.session",
  "pk": "w385ds181yi3cmssc1ywdnsh37hn421r",
  "fields": {
    "session_data": ".eJxVjDsOwjAQBe_iGln-rH-U9JzB8nptHECOFCcV4u4QKQW0b2bei8W0rS1uoyxxInZmYNnpd8SUH6XvhO6p32ae574uE_Jd4Qcd_DpTeV4O9--gpdG-NVZUKgdEg4iUA0hdK1XvJFlngzciKRBSkHYCpEMBuVqNvhQjQYNi7w8pZjf7:1vzZGc:4p3blQaQRfS6zalw4jf9wDml30ExDNzCOSl99I7QV4E",
    "expire_date": "2026-03-23T11:59:22.088Z"
  }
},
{
  "model": "sessions.session",
  "pk": "wjda3apw16seyikyq2s24y5bz7uuy8qi",
  "fields": {
    "session_data": ".eJxVjEEOwiAQRe_C2hBKhQGX7nsGMjCMVA0kpV0Z765NutDtf-_9lwi4rSVsPS9hJnERgxOn3zFieuS6E7pjvTWZWl2XOcpdkQftcmqUn9fD_Tso2Mu3jpacQxjSyFEhez3yGWBkxVqzskaBAes9qWy08UklipmMRYaYwIET7w8KiTgj:1vd21a:QyZU9yQlxwleVdVewu07LAROwlfPvgpvgLIlHHr3XdY",
    "expire_date": "2026-01-20T08:02:42.935Z"
  }
},
{
  "model": "sessions.session",
  "pk": "x77kwnaebwy1ej13qr6vc4atist03zar",
  "fields": {
    "session_data": ".eJxVjDsOwjAQBe_iGllZfxKbkp4zRLveNQ4gR4qTCnF3iJQC2jcz76VG3NYybk2WcWJ1Vk6dfjfC9JC6A75jvc06zXVdJtK7og_a9HVmeV4O9--gYCvfGg33oSMD4AcQoNT5aCx7CSEOAwSiZC1bQJfBWes4ImXM5MX1nrOo9wfNbzf6:1volqo:0xova1ieOKAV9IgaAlmwXw0dePBk63U-qdiXfEwp6JA",
    "expire_date": "2026-02-21T17:12:06.768Z"
  }
},
{
  "model": "sessions.session",
  "pk": "xaxud6w6tqlt6boymgqh7yueamxmqzrg",
  "fields": {
    "session_data": ".eJxVjEEOwiAQRe_C2pARBIpL9z0DmWFAqoYmpV0Z7y5NutDte-__twi4rSVsLS1hYnEVWonTLySMz1R3ww-s91nGua7LRHJP5GGbHGdOr9vR_h0UbKWvLbozZwJDzoJRXnkNhDQwA2qHnepkyUT21E_9JWs3AGVnU_aawYnPFxL2OJc:1vq5kc:Hu5m8tFYgJbcrI61rR2HMQrxU6gghn7zhdUBtlg-Ylo",
    "expire_date": "2026-02-25T08:39:10.917Z"
  }
},
{
  "model": "sessions.session",
  "pk": "xsp60g3djvyn7zrq7p5043y9r8aq08z8",
  "fields": {
    "session_data": ".eJxVjMEOwiAQRP-FsyGFBRGP3vsNhGUXqRpISnsy_rtt0oMeZ96beYsQ16WEtfMcJhJXoY04_ZYY05PrTugR673J1OoyTyh3RR60y7ERv26H-3dQYi_bWgFZ4Eyec0KdUXnyoCFZ55SPShlgAtIKzJmGCw8G2QH6uEVrdbLi8wUVGzgB:1vzUJn:56JBBe7dboAQ8pOaUbSXR5DPmqkvmXVEGefjXfeJ_3Y",
    "expire_date": "2026-03-23T06:42:19.388Z"
  }
},
{
  "model": "sessions.session",
  "pk": "xtguq019c0a8wt77tvql4lb9gw9jkge0",
  "fields": {
    "session_data": ".eJxVjDEOwjAMRe-SGUUhiRyHkZ0zVLZj0QJKpKadKu4OlTrA-t97fzMDrcs4rF3nYSrmYpI5_W5M8tS6g_Kgem9WWl3mie2u2IN2e2tFX9fD_TsYqY_fOoiTMyATeAweMQnlHEGcx0IxhZgiIoMkrwwcAytoAECHCjEnZ94fxIY20w:1vckOj:iTglx-vu3_TjWPG-KnUQvQyP60V25JDsufKa76V-yCU",
    "expire_date": "2026-01-19T13:13:25.971Z"
  }
},
{
  "model": "sessions.session",
  "pk": "xx9nl8nszedw1uatna17kxant4mx38e4",
  "fields": {
    "session_data": "e30:1voeX3:yaBwmQx7SLHbAXVqaFGibIwZeUyDxNi2WNLT40LSP0g",
    "expire_date": "2026-02-21T09:23:13.508Z"
  }
},
{
  "model": "sessions.session",
  "pk": "y7nwe1425m1cxltagggnjcudr3l4dpr1",
  "fields": {
    "session_data": ".eJxVjMsOgjAQRf-la9OUaYWJS_d-QzOvCmogobAi_ruSsNDtPefczWValz6v1eY8qLs4SO70OzLJ08ad6IPG--RlGpd5YL8r_qDV3ya11_Vw_w56qv23jhySsIq0CQIiQmdCKULE5iyorMzGxUIxjCWChQBt00nhRC0Qq3t_ACBGOQo:1vnWLs:znW2HRNMq6fNKQ0eiGucyXiX6lsjqZksyimhlo1E8CA",
    "expire_date": "2026-02-18T06:27:00.360Z"
  }
},
{
  "model": "sessions.session",
  "pk": "ygu0jyv5yz2y8j90sgln6dm3cjgw8gkp",
  "fields": {
    "session_data": ".eJxVjEEOwiAQRe_C2pBSoKVduvcMZIYZLGrAlDbRGO-uTbrQ7X_vv5fwsC6TXyvPPpEYhRGH3w0hXDlvgC6Qz0WGkpc5odwUudMqT4X4dtzdv8AEdfq-oaXONdgqZXvFCkNjh1aTZeeGvlcOMWhNWoGJymhtaACMENGy6SxF3qKVa00le37c0_wUY_P-AHdNPzc:1volOY:8cj2yfBNTEIG_yPA6NRUB9h6wgDCeJypFkPtrgJvQwI",
    "expire_date": "2026-02-21T16:42:54.838Z"
  }
},
{
  "model": "sessions.session",
  "pk": "ylk45ztv4qdnrvqpuv9eg6kx7fx3oxd4",
  "fields": {
    "session_data": ".eJxVjEEOwiAQRe_C2hBKhQGX7nsGMjCMVA0kpV0Z765NutDtf-_9lwi4rSVsPS9hJnERgxOn3zFieuS6E7pjvTWZWl2XOcpdkQftcmqUn9fD_Tso2Mu3jpacQxjSyFEhez3yGWBkxVqzskaBAes9qWy08UklipmMRYaYwIET7w8KiTgj:1vd23V:8yY1WD5HOy95601wv3Bx69XlavEDdFlXdjw_MiBIzoc",
    "expire_date": "2026-01-20T08:04:41.314Z"
  }
},
{
  "model": "sessions.session",
  "pk": "yny0c7tvsxb7c5kohhty0c0n0nfeqevi",
  "fields": {
    "session_data": ".eJxVjEEOgjAQRe_StWlKmcLUpXvP0Mx0poIaSCisjHdXEha6_e-9_zKJtnVIW9UljWLOxkdz-h2Z8kOnncidptts8zyty8h2V-xBq73Oos_L4f4dDFSHb41FQuNRIYAKOc7QBOyK7zn2wYEgFocMElp2PWaPETol1yo7gqiNeX8AAEw3tQ:1vnE64:vAkxgKHVHlHXKc1HGL-vpFDmQMHkjSeGVgcObKGXzjA",
    "expire_date": "2026-02-17T10:57:28.664Z"
  }
},
{
  "model": "sessions.session",
  "pk": "yv7pop8msykuzge6291m5v4hrbq0nerd",
  "fields": {
    "session_data": ".eJxVjEEOwiAQRe_C2pBSoKVduvcMZIYZLGrAlDbRGO-uTbrQ7X_vv5fwsC6TXyvPPpEYhRGH3w0hXDlvgC6Qz0WGkpc5odwUudMqT4X4dtzdv8AEdfq-oaXONdgqZXvFCkNjh1aTZeeGvlcOMWhNWoGJymhtaACMENGy6SxF3qKVa00le37c0_wUY_P-AHdNPzc:1volND:aRu_aOKOWprlfPA2GIUn37iR2JCJjGBJhQ8ZPu70aGI",
    "expire_date": "2026-02-21T16:41:31.605Z"
  }
},
{
  "model": "sessions.session",
  "pk": "z5kzyktd6x1igc9hj3smxnck26jyhcrp",
  "fields": {
    "session_data": ".eJxVjMEOwiAQRP-FsyGFBRGP3vsNhGUXqRpISnsy_rtt0oMeZ96beYsQ16WEtfMcJhJXoY04_ZYY05PrTugR673J1OoyTyh3RR60y7ERv26H-3dQYi_bWgFZ4Eyec0KdUXnyoCFZ55SPShlgAtIKzJmGCw8G2QH6uEVrdbLi8wUVGzgB:1vzUIP:HJC5kWvS0vZItgUlOw101J-YOOnCTpdwebhnOU4kihY",
    "expire_date": "2026-03-23T06:40:53.362Z"
  }
},
{
  "model": "sessions.session",
  "pk": "z6k6wx0tbas2ooy075ra7vbmu769x493",
  "fields": {
    "session_data": ".eJxVjDsOwjAQBe_iGllZfxKbkp4zRLveNQ4gR4qTCnF3iJQC2jcz76VG3NYybk2WcWJ1Vk6dfjfC9JC6A75jvc06zXVdJtK7og_a9HVmeV4O9--gYCvfGg33oSMD4AcQoNT5aCx7CSEOAwSiZC1bQJfBWes4ImXM5MX1nrOo9wfNbzf6:1voli7:ZCrlZ93-qDtdMbWGLTtrtA92bl1eZnThAqkTlaAVzbk",
    "expire_date": "2026-02-21T17:03:07.312Z"
  }
},
{
  "model": "sessions.session",
  "pk": "zhmltm900yzytwkgm40ez4ddasgcwsrw",
  "fields": {
    "session_data": ".eJxVjDsOwjAQBe_iGln-k6WkzxmsXe-aBFAs5VMh7g6RUkD7Zua9VMZtHfK2yJxHVhflQJ1-R8LykGknfMfp1nRp0zqPpHdFH3TRfWN5Xg_372DAZfjWUZwxLgWATlyiDhhtZ8FSDM5BOEcLxOKjoWQxca1SyCKUGnwEz0G9P9_TN4U:1vnatj:BczaPx826H_vx7_NXAHHDwF8L-YqkoyHfCENwWAkHWs",
    "expire_date": "2026-02-18T11:18:15.073Z"
  }
},
{
  "model": "sessions.session",
  "pk": "zu7qy977m3n8oj1jnjh21yvwj50bo7xp",
  "fields": {
    "session_data": ".eJxVjMsOwiAQRf-FtSG8O7h07zeQAQapGkhKuzL-uzbpQrf3nHNfLOC21rANWsKc2Zkpw06_Y8T0oLaTfMd26zz1ti5z5LvCDzr4tWd6Xg7376DiqN9aG2GT1eBlAql9piIMQpkIStJYSBmpS0IXHVglwBchACZH3kQyUQr2_gD7Gze2:1vnWLT:_mw-olpH7-JRk3EPhHtbu2M7Y40nJdMDQp7xKmInAvw",
    "expire_date": "2026-02-18T06:26:35.012Z"
  }
},
{
  "model": "core.user",
  "pk": 4,
  "fields": {
    "password": "pbkdf2_sha256$600000$ARjIjkr90F1avI2QVGo09N$2X2NoLPdoiFtk7dNcb4IdyhJlxeyDbn8k62+k6wbBjM=",
    "last_login": "2026-03-09T12:07:23.331Z",
    "is_superuser": true,
    "username": "admin",
    "first_name": "Admin",
    "last_name": "User",
    "email": "admindsa@gmail.com",
    "is_staff": true,
    "date_joined": "2025-12-30T09:48:17.670Z",
    "role": "admin",
    "employee_id": null,
    "phone": null,
    "address": null,
    "date_of_birth": null,
    "gender": null,
    "profile_photo": "profile_photos/SaveClip.App_575276842_17869374642466737_4563488723414976934_n.jpg",
    "is_active": true,
    "created_at": "2025-12-30T09:48:18.566Z",
    "updated_at": "2026-02-10T07:56:47.945Z",
    "groups": [],
    "user_permissions": []
  }
},
{
  "model": "core.user",
  "pk": 6,
  "fields": {
    "password": "pbkdf2_sha256$600000$fgZnBQmavNK1HFVzhBdtcI$mEFrymt/NZYs0kzrQNVfAKhWrOUfbTvSSSlz913h720=",
    "last_login": null,
    "is_superuser": false,
    "username": "dsa1",
    "first_name": "DSA",
    "last_name": "Manager",
    "email": "dsa1@dsaloan.com",
    "is_staff": false,
    "date_joined": "2025-12-30T09:48:19.789Z",
    "role": "dsa",
    "employee_id": null,
    "phone": null,
    "address": null,
    "date_of_birth": null,
    "gender": null,
    "profile_photo": "",
    "is_active": true,
    "created_at": "2025-12-30T09:48:20.668Z",
    "updated_at": "2025-12-30T09:48:20.668Z",
    "groups": [],
    "user_permissions": []
  }
},
{
  "model": "core.user",
  "pk": 7,
  "fields": {
    "password": "pbkdf2_sha256$600000$WFzSsZHH6KXBWcC1aEd0pW$kytnkcHYSeSz3B7pjPj0rK/WLf1YrAhqbfKsqkEGTlo=",
    "last_login": "2026-01-05T13:13:25.891Z",
    "is_superuser": false,
    "username": "agent1",
    "first_name": "Rajesh",
    "last_name": "Agent",
    "email": "agent1@dsaloan.com",
    "is_staff": false,
    "date_joined": "2025-12-30T09:48:20.828Z",
    "role": "agent",
    "employee_id": null,
    "phone": null,
    "address": null,
    "date_of_birth": null,
    "gender": null,
    "profile_photo": "",
    "is_active": false,
    "created_at": "2025-12-30T09:48:21.689Z",
    "updated_at": "2026-02-10T08:46:12.913Z",
    "groups": [],
    "user_permissions": []
  }
},
{
  "model": "core.user",
  "pk": 10,
  "fields": {
    "password": "pbkdf2_sha256$600000$kOIyZtHK8111fUmVYeEWZU$ymHsnGaL2bxE+onQKDPyFX1plf0rgrtPOb8rVLaxPGk=",
    "last_login": null,
    "is_superuser": false,
    "username": "testadmin",
    "first_name": "Admin",
    "last_name": "User",
    "email": "admin@test.com",
    "is_staff": false,
    "date_joined": "2026-01-04T07:05:30.884Z",
    "role": "admin",
    "employee_id": null,
    "phone": null,
    "address": null,
    "date_of_birth": null,
    "gender": null,
    "profile_photo": "",
    "is_active": true,
    "created_at": "2026-01-04T07:05:30.884Z",
    "updated_at": "2026-01-04T07:06:00.952Z",
    "groups": [],
    "user_permissions": []
  }
},
{
  "model": "core.user",
  "pk": 15,
  "fields": {
    "password": "pbkdf2_sha256$600000$tM50dSbX6QK7RmJ2AJWpvS$RdEdGnuJDTbqCZA+ur6EJArvhqWu1fjhXX/hDag9byY=",
    "last_login": null,
    "is_superuser": false,
    "username": "agent2",
    "first_name": "Agent",
    "last_name": "2",
    "email": "agent2@dsa.com",
    "is_staff": false,
    "date_joined": "2026-01-05T08:22:03.559Z",
    "role": "agent",
    "employee_id": null,
    "phone": null,
    "address": null,
    "date_of_birth": null,
    "gender": null,
    "profile_photo": "",
    "is_active": true,
    "created_at": "2026-01-05T08:22:03.560Z",
    "updated_at": "2026-01-05T08:22:04.527Z",
    "groups": [],
    "user_permissions": []
  }
},
{
  "model": "core.user",
  "pk": 16,
  "fields": {
    "password": "pbkdf2_sha256$600000$SFyHhZ03nNfM3uSaWodxbL$3+FefhQR8YxPadGrk6mdXcWVlS29JyrmXWEl6L8Joy0=",
    "last_login": null,
    "is_superuser": false,
    "username": "agent3",
    "first_name": "Agent",
    "last_name": "3",
    "email": "agent3@dsa.com",
    "is_staff": false,
    "date_joined": "2026-01-05T08:22:04.694Z",
    "role": "agent",
    "employee_id": null,
    "phone": null,
    "address": null,
    "date_of_birth": null,
    "gender": null,
    "profile_photo": "",
    "is_active": true,
    "created_at": "2026-01-05T08:22:04.695Z",
    "updated_at": "2026-01-05T08:22:05.569Z",
    "groups": [],
    "user_permissions": []
  }
},
{
  "model": "core.user",
  "pk": 17,
  "fields": {
    "password": "pbkdf2_sha256$600000$KS8bOpD3pfkAqfnBl8usU3$mZ0jZXtsRAy2TX4mwouzGq94fvOj2JVGu2sloC45YsM=",
    "last_login": null,
    "is_superuser": false,
    "username": "testagent",
    "first_name": "",
    "last_name": "",
    "email": "testagent@test.com",
    "is_staff": false,
    "date_joined": "2026-01-05T09:02:33.312Z",
    "role": "agent",
    "employee_id": null,
    "phone": null,
    "address": null,
    "date_of_birth": null,
    "gender": null,
    "profile_photo": "",
    "is_active": true,
    "created_at": "2026-01-05T09:02:33.312Z",
    "updated_at": "2026-01-05T09:02:33.938Z",
    "groups": [],
    "user_permissions": []
  }
},
{
  "model": "core.user",
  "pk": 18,
  "fields": {
    "password": "pbkdf2_sha256$600000$W1kdGmFmI9U9WmGMd0rF7P$V6P61RaKqoGx5TZl/GqxKuq1bR5ICFu9vUvJsJUBFYU=",
    "last_login": "2026-02-07T06:11:58.306Z",
    "is_superuser": false,
    "username": "laxman",
    "first_name": "",
    "last_name": "",
    "email": "lax@gmail.com",
    "is_staff": false,
    "date_joined": "2026-01-05T11:12:54.930Z",
    "role": "agent",
    "employee_id": null,
    "phone": "906030258",
    "address": null,
    "date_of_birth": null,
    "gender": null,
    "profile_photo": "",
    "is_active": true,
    "created_at": "2026-01-05T11:12:55.391Z",
    "updated_at": "2026-01-06T06:07:46.123Z",
    "groups": [],
    "user_permissions": []
  }
},
{
  "model": "core.user",
  "pk": 19,
  "fields": {
    "password": "pbkdf2_sha256$600000$iRuFM8oJcYjCEFL80uhHJU$pw/zSYR2HbW1sQJewUgF01ZlUFmeYODBRrQeJ811X4Q=",
    "last_login": null,
    "is_superuser": false,
    "username": "kumm",
    "first_name": "",
    "last_name": "",
    "email": "kum@gmail.com",
    "is_staff": false,
    "date_joined": "2026-01-05T11:12:55.604Z",
    "role": "agent",
    "employee_id": null,
    "phone": "9032685741",
    "address": null,
    "date_of_birth": null,
    "gender": null,
    "profile_photo": "",
    "is_active": true,
    "created_at": "2026-01-05T11:12:56.044Z",
    "updated_at": "2026-01-05T11:12:56.044Z",
    "groups": [],
    "user_permissions": []
  }
},
{
  "model": "core.user",
  "pk": 20,
  "fields": {
    "password": "pbkdf2_sha256$600000$Qj5wtakt1JMKEZkxnzGpd5$BU5E4XyfJaF00eizLH1Exxv6d17wyR6jdG5KELDGhc0=",
    "last_login": null,
    "is_superuser": false,
    "username": "testagent1",
    "first_name": "",
    "last_name": "",
    "email": "agent@test.com",
    "is_staff": false,
    "date_joined": "2026-01-05T11:12:56.191Z",
    "role": "agent",
    "employee_id": null,
    "phone": "9876543210",
    "address": null,
    "date_of_birth": null,
    "gender": null,
    "profile_photo": "",
    "is_active": true,
    "created_at": "2026-01-05T11:12:56.654Z",
    "updated_at": "2026-01-05T11:12:56.654Z",
    "groups": [],
    "user_permissions": []
  }
},
{
  "model": "core.user",
  "pk": 22,
  "fields": {
    "password": "pbkdf2_sha256$600000$VxSDe3VRFI9cPgQgC7veRG$+4RIzTroq6SJ8QD96ogGm8F1IyUb9a16tjBXAnVZRGk=",
    "last_login": null,
    "is_superuser": false,
    "username": "kou",
    "first_name": "kooo",
    "last_name": "u",
    "email": "ko1@gmail.com",
    "is_staff": false,
    "date_joined": "2026-01-06T06:06:57.585Z",
    "role": "agent",
    "employee_id": null,
    "phone": null,
    "address": null,
    "date_of_birth": null,
    "gender": null,
    "profile_photo": "",
    "is_active": true,
    "created_at": "2026-01-06T06:06:58.085Z",
    "updated_at": "2026-01-06T06:06:58.085Z",
    "groups": [],
    "user_permissions": []
  }
},
{
  "model": "core.user",
  "pk": 24,
  "fields": {
    "password": "pbkdf2_sha256$600000$xIrosvCN7Vi9TUg5gzM34R$yKmpoL6QTf2aqOFtj/4/XaVwYg89VyGQujBYSG4haik=",
    "last_login": "2026-03-09T07:04:09.778Z",
    "is_superuser": false,
    "username": "laxmi",
    "first_name": "Laxmi",
    "last_name": "Kumari",
    "email": "laxmi@gmail.com",
    "is_staff": false,
    "date_joined": "2026-01-07T11:18:56.235Z",
    "role": "employee",
    "employee_id": null,
    "phone": "9063214587",
    "address": "",
    "date_of_birth": null,
    "gender": "Female",
    "profile_photo": "",
    "is_active": true,
    "created_at": "2026-01-07T11:18:57.083Z",
    "updated_at": "2026-02-04T06:58:02.295Z",
    "groups": [],
    "user_permissions": []
  }
},
{
  "model": "core.user",
  "pk": 25,
  "fields": {
    "password": "pbkdf2_sha256$600000$8UCGNQ1WFuieQvddLI3ia4$/H0O0LnbBEM8XJnPhPVEzKpBsu9J17p+jDOIhdeGzUw=",
    "last_login": "2026-02-10T18:39:45.543Z",
    "is_superuser": false,
    "username": "laxmi1",
    "first_name": "Laxmi",
    "last_name": "Kumari",
    "email": "laxmi1@gmail.com",
    "is_staff": false,
    "date_joined": "2026-01-07T11:19:12.627Z",
    "role": "employee",
    "employee_id": null,
    "phone": "9063214587",
    "address": "",
    "date_of_birth": null,
    "gender": "Female",
    "profile_photo": "profile_photos/pragya-pictures-wooden-black-doremon-wall-photo-frames-12-x-18-product-i_3GGFCKG.webp",
    "is_active": true,
    "created_at": "2026-01-07T11:19:14.041Z",
    "updated_at": "2026-02-04T07:58:42.819Z",
    "groups": [],
    "user_permissions": []
  }
},
{
  "model": "core.user",
  "pk": 26,
  "fields": {
    "password": "pbkdf2_sha256$600000$YGZjlhdHZsIOsR3OYu9V4C$lN2zznbW/bfcAJuvRl9KOVzFAwjCTeHmwB62LMdwXLU=",
    "last_login": "2026-01-17T07:48:58.288Z",
    "is_superuser": false,
    "username": "emp",
    "first_name": "emp1",
    "last_name": "",
    "email": "emp@gmail.com",
    "is_staff": false,
    "date_joined": "2026-01-09T14:46:35.052Z",
    "role": "employee",
    "employee_id": null,
    "phone": "9874012365",
    "address": "",
    "date_of_birth": null,
    "gender": "Other",
    "profile_photo": "",
    "is_active": false,
    "created_at": "2026-01-09T14:46:36.620Z",
    "updated_at": "2026-02-03T05:39:29.746Z",
    "groups": [],
    "user_permissions": []
  }
},
{
  "model": "core.user",
  "pk": 27,
  "fields": {
    "password": "pbkdf2_sha256$600000$47jp4poD6kMoHtqBhKTe97$rn8LKQj8k2f0N4iQaSMlXcVFOcswxQ6/4cYZ3IoRrkM=",
    "last_login": null,
    "is_superuser": false,
    "username": "12",
    "first_name": "kummmm",
    "last_name": "",
    "email": "12@gmail.com",
    "is_staff": false,
    "date_joined": "2026-01-12T08:55:58.855Z",
    "role": "employee",
    "employee_id": null,
    "phone": "9036582147",
    "address": "",
    "date_of_birth": null,
    "gender": "Female",
    "profile_photo": "",
    "is_active": true,
    "created_at": "2026-01-12T08:55:59.769Z",
    "updated_at": "2026-01-12T08:55:59.769Z",
    "groups": [],
    "user_permissions": []
  }
},
{
  "model": "core.user",
  "pk": 28,
  "fields": {
    "password": "pbkdf2_sha256$600000$60T5QRYOHbDfCE3NHv4GUG$qOLiP97owuIMpSNrSRRdzexnoxj503Fhzi+sDCERIZQ=",
    "last_login": "2026-02-02T11:22:52.460Z",
    "is_superuser": false,
    "username": "kam",
    "first_name": "kaaa",
    "last_name": "maa",
    "email": "kam@gmail.com",
    "is_staff": false,
    "date_joined": "2026-02-02T11:21:45.742Z",
    "role": "employee",
    "employee_id": null,
    "phone": "7894561230",
    "address": "",
    "date_of_birth": null,
    "gender": "Other",
    "profile_photo": "",
    "is_active": false,
    "created_at": "2026-02-02T11:21:46.285Z",
    "updated_at": "2026-02-10T10:48:33.341Z",
    "groups": [],
    "user_permissions": []
  }
},
{
  "model": "core.user",
  "pk": 30,
  "fields": {
    "password": "pbkdf2_sha256$600000$O7RnX77y4HYda9ZJyf0QQL$b5HRtppnUBEUCr2Nz/4cd4n4G/AfZX0YNxM5L1ehrUA=",
    "last_login": null,
    "is_superuser": false,
    "username": "testagent2",
    "first_name": "",
    "last_name": "",
    "email": "testagent@example.com",
    "is_staff": false,
    "date_joined": "2026-02-04T06:53:28.452Z",
    "role": "agent",
    "employee_id": null,
    "phone": "9876543210",
    "address": null,
    "date_of_birth": null,
    "gender": null,
    "profile_photo": "",
    "is_active": true,
    "created_at": "2026-02-04T06:53:29.079Z",
    "updated_at": "2026-02-04T06:53:29.079Z",
    "groups": [],
    "user_permissions": []
  }
},
{
  "model": "core.user",
  "pk": 31,
  "fields": {
    "password": "pbkdf2_sha256$600000$45PdyBfu1gCpqo3autiQER$nLV29Eir2tQo6QorH8WDzaEqXvzIIDf01V1o+RWC1uE=",
    "last_login": "2026-03-09T10:56:36.044Z",
    "is_superuser": false,
    "username": "subadmin01",
    "first_name": "SubAdmin",
    "last_name": "Panel",
    "email": "subadmin01@dsaloanmanagement.com",
    "is_staff": false,
    "date_joined": "2026-02-04T11:27:12.337Z",
    "role": "subadmin",
    "employee_id": null,
    "phone": "+923001234567",
    "address": null,
    "date_of_birth": null,
    "gender": null,
    "profile_photo": "profile_photos/WhatsApp_Image_2026-03-07_at_11_a8SnPCT.08.55_AM1.jpeg",
    "is_active": true,
    "created_at": "2026-02-04T11:27:12.780Z",
    "updated_at": "2026-03-09T10:17:42.403Z",
    "groups": [],
    "user_permissions": []
  }
},
{
  "model": "core.user",
  "pk": 32,
  "fields": {
    "password": "pbkdf2_sha256$600000$QTOHQona3tRmvc0HSDCUEQ$NEJEhVLMyR3deJxoNAjFTEFz0WoE56DQmE0HhBkcBuE=",
    "last_login": "2026-02-11T08:39:10.733Z",
    "is_superuser": false,
    "username": "subadmin",
    "first_name": "Sub",
    "last_name": "Admin",
    "email": "subadmin@gmail.com",
    "is_staff": false,
    "date_joined": "2026-02-04T11:27:20.382Z",
    "role": "subadmin",
    "employee_id": null,
    "phone": null,
    "address": null,
    "date_of_birth": null,
    "gender": null,
    "profile_photo": "",
    "is_active": true,
    "created_at": "2026-02-04T11:27:20.382Z",
    "updated_at": "2026-02-04T11:27:21.065Z",
    "groups": [],
    "user_permissions": []
  }
},
{
  "model": "core.user",
  "pk": 33,
  "fields": {
    "password": "pbkdf2_sha256$600000$tqqCvX9RPrJ4u9UfvGWwK9$kP0gNtt2Q9UIL6cJG+OwzgdiZLP6nJ7kjYXYmvBj1Vs=",
    "last_login": null,
    "is_superuser": false,
    "username": "subadmin_test",
    "first_name": "Sub",
    "last_name": "Admin",
    "email": "subadmin_test@test.com",
    "is_staff": false,
    "date_joined": "2026-02-04T12:21:54.083Z",
    "role": "subadmin",
    "employee_id": null,
    "phone": null,
    "address": null,
    "date_of_birth": null,
    "gender": null,
    "profile_photo": "",
    "is_active": true,
    "created_at": "2026-02-04T12:21:54.084Z",
    "updated_at": "2026-02-04T12:21:55.629Z",
    "groups": [],
    "user_permissions": []
  }
},
{
  "model": "core.user",
  "pk": 34,
  "fields": {
    "password": "pbkdf2_sha256$600000$K8sA1eVw0dhD2Qz90wZ9d4$rdu4QoUMDvHv+5N16eIOIw4abmlMgUTeFYioXYL5FWI=",
    "last_login": null,
    "is_superuser": false,
    "username": "as",
    "first_name": "qwe",
    "last_name": "",
    "email": "qw@gmail.com",
    "is_staff": false,
    "date_joined": "2026-02-07T06:04:08.658Z",
    "role": "subadmin",
    "employee_id": null,
    "phone": "7894563201",
    "address": null,
    "date_of_birth": null,
    "gender": null,
    "profile_photo": "",
    "is_active": true,
    "created_at": "2026-02-07T06:04:09.478Z",
    "updated_at": "2026-02-07T06:04:09.478Z",
    "groups": [],
    "user_permissions": []
  }
},
{
  "model": "core.user",
  "pk": 35,
  "fields": {
    "password": "",
    "last_login": null,
    "is_superuser": false,
    "username": "employee1",
    "first_name": "Raj",
    "last_name": "Kumar",
    "email": "employee@dsaloan.com",
    "is_staff": false,
    "date_joined": "2026-02-07T07:57:44.971Z",
    "role": "employee",
    "employee_id": null,
    "phone": null,
    "address": null,
    "date_of_birth": null,
    "gender": null,
    "profile_photo": "",
    "is_active": true,
    "created_at": "2026-02-07T07:57:44.972Z",
    "updated_at": "2026-02-07T07:57:44.972Z",
    "groups": [],
    "user_permissions": []
  }
},
{
  "model": "core.user",
  "pk": 36,
  "fields": {
    "password": "pbkdf2_sha256$600000$gT1SVSHzjG9n0K0rYMExa1$v8qQQ6efXcjFa/ikEMpHe6aG2qVV12oah0V5WfPXXCQ=",
    "last_login": "2026-02-07T11:04:48.912Z",
    "is_superuser": true,
    "username": "testadmin123",
    "first_name": "",
    "last_name": "",
    "email": "",
    "is_staff": true,
    "date_joined": "2026-02-07T11:04:47.705Z",
    "role": "employee",
    "employee_id": null,
    "phone": null,
    "address": null,
    "date_of_birth": null,
    "gender": null,
    "profile_photo": "",
    "is_active": false,
    "created_at": "2026-02-07T11:04:48.177Z",
    "updated_at": "2026-02-10T08:45:58.435Z",
    "groups": [],
    "user_permissions": []
  }
},
{
  "model": "core.user",
  "pk": 37,
  "fields": {
    "password": "pbkdf2_sha256$600000$ZJvRcalLncR9DYO2rvKBSD$CF4JIgn6qiruigyyTtu1Woep8uBct7pPMXbZbmok6f0=",
    "last_login": "2026-02-07T11:05:44.857Z",
    "is_superuser": true,
    "username": "testadmin999",
    "first_name": "",
    "last_name": "",
    "email": "",
    "is_staff": true,
    "date_joined": "2026-02-07T11:05:07.017Z",
    "role": "admin",
    "employee_id": null,
    "phone": null,
    "address": null,
    "date_of_birth": null,
    "gender": null,
    "profile_photo": "",
    "is_active": true,
    "created_at": "2026-02-07T11:05:07.468Z",
    "updated_at": "2026-02-07T11:05:07.670Z",
    "groups": [],
    "user_permissions": []
  }
},
{
  "model": "core.user",
  "pk": 38,
  "fields": {
    "password": "pbkdf2_sha256$600000$Uaa8Hq8UrYOY2ll0qNwET5$LQjEj39RE9A7xsxQ8DWQdCGZPJFr0+brnU7kvM3Xt0U=",
    "last_login": null,
    "is_superuser": false,
    "username": "tou",
    "first_name": "too",
    "last_name": "uu",
    "email": "tou@gmail.com",
    "is_staff": false,
    "date_joined": "2026-02-09T18:56:50.649Z",
    "role": "subadmin",
    "employee_id": null,
    "phone": "9630258741",
    "address": null,
    "date_of_birth": null,
    "gender": null,
    "profile_photo": "profile_photos/SaveClip.App_574734751_17869374627466737_5943682148114869403_n.jpg",
    "is_active": true,
    "created_at": "2026-02-09T18:56:51.473Z",
    "updated_at": "2026-02-09T18:56:51.735Z",
    "groups": [],
    "user_permissions": []
  }
},
{
  "model": "core.user",
  "pk": 39,
  "fields": {
    "password": "pbkdf2_sha256$600000$09BfM2sSoIp8jZ624x476S$xHIECHko1jeQNPtgcrdeO1Om0HJGOHdxmQBiNEilT4I=",
    "last_login": null,
    "is_superuser": false,
    "username": "ss",
    "first_name": "ass",
    "last_name": "ss",
    "email": "ss@gmail.com",
    "is_staff": false,
    "date_joined": "2026-02-09T18:57:56.733Z",
    "role": "employee",
    "employee_id": null,
    "phone": "9874563210",
    "address": null,
    "date_of_birth": null,
    "gender": null,
    "profile_photo": "profile_photos/SaveClip.App_574734751_17869374627466737_5943682148114869403_n_yZ3QqYk.jpg",
    "is_active": true,
    "created_at": "2026-02-09T18:57:57.921Z",
    "updated_at": "2026-02-09T18:57:58.050Z",
    "groups": [],
    "user_permissions": []
  }
},
{
  "model": "core.user",
  "pk": 40,
  "fields": {
    "password": "pbkdf2_sha256$600000$F3YAbNe7pj2RuzTTc47nqx$Kpq+B6jbhKU4PsXyXHhiAC2aTUpE1YRdkj7MR7kC3xU=",
    "last_login": null,
    "is_superuser": false,
    "username": "ss1",
    "first_name": "dadwd",
    "last_name": "dddd",
    "email": "ss1@gmail.com",
    "is_staff": false,
    "date_joined": "2026-02-10T05:30:33.604Z",
    "role": "agent",
    "employee_id": null,
    "phone": "7894563021",
    "address": null,
    "date_of_birth": null,
    "gender": null,
    "profile_photo": "",
    "is_active": true,
    "created_at": "2026-02-10T05:30:34.561Z",
    "updated_at": "2026-02-10T05:30:34.561Z",
    "groups": [],
    "user_permissions": []
  }
},
{
  "model": "core.user",
  "pk": 41,
  "fields": {
    "password": "pbkdf2_sha256$600000$9kkHUnOmAzL7TTfptHOpRX$rbKsLQS/aMF4pd7vCKtgQ9Zf2NACrfYTlwff+LyafZI=",
    "last_login": null,
    "is_superuser": false,
    "username": "ramu",
    "first_name": "ramu",
    "last_name": "",
    "email": "ramu@gmail.com",
    "is_staff": false,
    "date_joined": "2026-02-10T10:45:23.255Z",
    "role": "agent",
    "employee_id": null,
    "phone": "3698520147",
    "address": "",
    "date_of_birth": null,
    "gender": "Other",
    "profile_photo": "",
    "is_active": true,
    "created_at": "2026-02-10T10:45:24.083Z",
    "updated_at": "2026-02-10T10:45:24.083Z",
    "groups": [],
    "user_permissions": []
  }
},
{
  "model": "core.user",
  "pk": 42,
  "fields": {
    "password": "pbkdf2_sha256$600000$dWdIqfW8Z8cqXAnrFFWWGO$gDM4MuUp7OWb/KH2pZYGDcqVuOORcTl13KLWDdmmXIQ=",
    "last_login": "2026-02-10T16:37:18.898Z",
    "is_superuser": false,
    "username": "la1gg2",
    "first_name": "bhjuhb",
    "last_name": "",
    "email": "la1gg2@gmail.com",
    "is_staff": false,
    "date_joined": "2026-02-10T11:39:58.891Z",
    "role": "agent",
    "employee_id": null,
    "phone": "9874563210",
    "address": null,
    "date_of_birth": null,
    "gender": null,
    "profile_photo": "",
    "is_active": true,
    "created_at": "2026-02-10T11:39:59.361Z",
    "updated_at": "2026-02-10T11:39:59.361Z",
    "groups": [],
    "user_permissions": []
  }
},
{
  "model": "core.user",
  "pk": 43,
  "fields": {
    "password": "pbkdf2_sha256$600000$NhJnmxTrrq4TpMRrx3udwD$BeTVlWy/Zh7ITuT7+tBZA3Gb0Wk8lPMdHqhJLWdtjpI=",
    "last_login": null,
    "is_superuser": false,
    "username": "mjmnn",
    "first_name": "dsd",
    "last_name": "",
    "email": "mdnmmd@gmail.com",
    "is_staff": false,
    "date_joined": "2026-02-10T18:01:07.398Z",
    "role": "agent",
    "employee_id": null,
    "phone": "7410258963",
    "address": "",
    "date_of_birth": null,
    "gender": "Female",
    "profile_photo": "",
    "is_active": true,
    "created_at": "2026-02-10T18:01:08.292Z",
    "updated_at": "2026-02-10T18:01:08.292Z",
    "groups": [],
    "user_permissions": []
  }
},
{
  "model": "core.user",
  "pk": 44,
  "fields": {
    "password": "pbkdf2_sha256$600000$rEtXoTVoQmld5U8LIyCpBX$EG9IQ4iMDzY4sU+EonpP3ViiSZ9nuf3GUl3DSNbzfBU=",
    "last_login": "2026-03-09T11:12:47.802Z",
    "is_superuser": false,
    "username": "emp12",
    "first_name": "Employee",
    "last_name": "Test",
    "email": "emp12@gmail.com",
    "is_staff": false,
    "date_joined": "2026-02-11T09:40:36.668Z",
    "role": "employee",
    "employee_id": null,
    "phone": null,
    "address": null,
    "date_of_birth": null,
    "gender": null,
    "profile_photo": "profile_photos/WhatsApp_Image_2026-03-07_at_11.08.55_AM.jpeg",
    "is_active": true,
    "created_at": "2026-02-11T09:40:37.940Z",
    "updated_at": "2026-03-09T06:53:20.886Z",
    "groups": [],
    "user_permissions": []
  }
},
{
  "model": "core.user",
  "pk": 45,
  "fields": {
    "password": "pbkdf2_sha256$600000$4bXfeVqS2lvQSyA5KFSKUq$4AUIjygdMrBLwYIaGW78eixkL1qa/flDfiVMXkN/XfQ=",
    "last_login": "2026-03-09T10:58:55.064Z",
    "is_superuser": false,
    "username": "agent12",
    "first_name": "Agent",
    "last_name": "Test",
    "email": "agent12@gmail.com",
    "is_staff": false,
    "date_joined": "2026-02-11T09:40:38.158Z",
    "role": "agent",
    "employee_id": null,
    "phone": null,
    "address": null,
    "date_of_birth": null,
    "gender": null,
    "profile_photo": "",
    "is_active": true,
    "created_at": "2026-02-11T09:40:39.637Z",
    "updated_at": "2026-02-11T09:40:39.638Z",
    "groups": [],
    "user_permissions": []
  }
},
{
  "model": "core.user",
  "pk": 46,
  "fields": {
    "password": "pbkdf2_sha256$600000$lWYJKQTdKYdyIOTZvGmthe$jSneVqVuhPAbJk0CED2JOPWocCH3MhcF1TIfMYEqVd4=",
    "last_login": "2026-03-15T07:17:18.119Z",
    "is_superuser": true,
    "username": "admin2",
    "first_name": "",
    "last_name": "",
    "email": "admin@gmail.com",
    "is_staff": true,
    "date_joined": "2026-03-08T06:13:21.108Z",
    "role": "admin",
    "employee_id": null,
    "phone": null,
    "address": null,
    "date_of_birth": null,
    "gender": null,
    "profile_photo": "profile_photos/WhatsApp_Image_2026-02-23_at_4.43.17_PM.jpeg",
    "is_active": true,
    "created_at": "2026-03-08T06:13:21.587Z",
    "updated_at": "2026-03-09T10:24:53.376Z",
    "groups": [],
    "user_permissions": []
  }
},
{
  "model": "core.user",
  "pk": 47,
  "fields": {
    "password": "pbkdf2_sha256$600000$kOqXEJhq1VPXkL9sjBkuM0$V5kGnhCjduRwk7bHIHahgQ+QJhcCQ8bZbm5+Zh+4KTs=",
    "last_login": null,
    "is_superuser": false,
    "username": "eee1",
    "first_name": "EMPagnet",
    "last_name": "",
    "email": "eee1@gmail.com",
    "is_staff": false,
    "date_joined": "2026-03-09T06:50:54.990Z",
    "role": "agent",
    "employee_id": null,
    "phone": "7896541203",
    "address": null,
    "date_of_birth": null,
    "gender": null,
    "profile_photo": "",
    "is_active": true,
    "created_at": "2026-03-09T06:50:55.683Z",
    "updated_at": "2026-03-09T06:51:10.395Z",
    "groups": [],
    "user_permissions": []
  }
},
{
  "model": "core.user",
  "pk": 48,
  "fields": {
    "password": "pbkdf2_sha256$600000$rtcykw6QmtMkcvKyb3GMdU$DLiPJ3Wr/eKck2PguPSCQjph53wRzVBM2CWTEosgs7I=",
    "last_login": null,
    "is_superuser": false,
    "username": "121212",
    "first_name": "ramkumar",
    "last_name": "",
    "email": "rk1@gmail.com",
    "is_staff": false,
    "date_joined": "2026-03-09T09:07:27.028Z",
    "role": "agent",
    "employee_id": null,
    "phone": "7788996600",
    "address": "hvhavvvx",
    "date_of_birth": null,
    "gender": "Male",
    "profile_photo": "profile_photos/WhatsApp_Image_2026-03-07_at_11_a8SnPCT.08.55_AM1_Yc5r0TW.jpeg",
    "is_active": true,
    "created_at": "2026-03-09T09:07:27.527Z",
    "updated_at": "2026-03-09T10:20:18.235Z",
    "groups": [],
    "user_permissions": []
  }
},
{
  "model": "core.user",
  "pk": 49,
  "fields": {
    "password": "pbkdf2_sha256$600000$kLZbsWipaft4lnx1iE1w70$R3r7QDnHyKNMn369S5pEKBLS3MI3es8uhNHd3HJ2tyY=",
    "last_login": null,
    "is_superuser": false,
    "username": "kr2",
    "first_name": "kumar",
    "last_name": "ram",
    "email": "kr2@gmail.com",
    "is_staff": false,
    "date_joined": "2026-03-09T09:08:07.487Z",
    "role": "employee",
    "employee_id": "84749",
    "phone": "7417418520",
    "address": "hbhgvyghvgf",
    "date_of_birth": null,
    "gender": "Male",
    "profile_photo": "",
    "is_active": true,
    "created_at": "2026-03-09T09:08:08.009Z",
    "updated_at": "2026-03-09T09:08:08.009Z",
    "groups": [],
    "user_permissions": []
  }
},
{
  "model": "core.agent",
  "pk": 1,
  "fields": {
    "user": 20,
    "agent_id": null,
    "name": "Test Agent",
    "phone": "9876543210",
    "email": "agent@test.com",
    "address": null,
    "date_of_birth": null,
    "gender": null,
    "city": null,
    "state": null,
    "pin_code": null,
    "profile_photo": "",
    "status": "active",
    "created_by": null,
    "created_at": "2026-01-05T05:34:03.520Z",
    "updated_at": "2026-01-05T11:12:56.805Z"
  }
},
{
  "model": "core.agent",
  "pk": 2,
  "fields": {
    "user": 19,
    "agent_id": null,
    "name": "kumm",
    "phone": "9032685741",
    "email": "kum@gmail.com",
    "address": "nonoo",
    "date_of_birth": null,
    "gender": null,
    "city": null,
    "state": null,
    "pin_code": null,
    "profile_photo": "",
    "status": "active",
    "created_by": 4,
    "created_at": "2026-01-05T09:26:41.994Z",
    "updated_at": "2026-01-05T11:12:56.134Z"
  }
},
{
  "model": "core.agent",
  "pk": 3,
  "fields": {
    "user": 18,
    "agent_id": null,
    "name": "laxman",
    "phone": "906030258",
    "email": "lax@gmail.com",
    "address": "cwdwd",
    "date_of_birth": null,
    "gender": null,
    "city": null,
    "state": null,
    "pin_code": null,
    "profile_photo": "agent_photos/ChatGPT_Image_Jan_5_2026_05_46_30_PM.png",
    "status": "active",
    "created_by": 4,
    "created_at": "2026-01-05T11:10:14.218Z",
    "updated_at": "2026-01-06T06:07:46.053Z"
  }
},
{
  "model": "core.agent",
  "pk": 4,
  "fields": {
    "user": 22,
    "agent_id": null,
    "name": "kooo u",
    "phone": "",
    "email": null,
    "address": null,
    "date_of_birth": null,
    "gender": null,
    "city": null,
    "state": null,
    "pin_code": null,
    "profile_photo": "",
    "status": "active",
    "created_by": 18,
    "created_at": "2026-01-06T06:06:58.227Z",
    "updated_at": "2026-01-06T06:06:58.227Z"
  }
},
{
  "model": "core.agent",
  "pk": 5,
  "fields": {
    "user": 30,
    "agent_id": null,
    "name": "Test Agent",
    "phone": "9876543210",
    "email": "testagent@example.com",
    "address": null,
    "date_of_birth": null,
    "gender": null,
    "city": null,
    "state": null,
    "pin_code": null,
    "profile_photo": "",
    "status": "active",
    "created_by": 24,
    "created_at": "2026-02-04T06:53:29.246Z",
    "updated_at": "2026-02-04T06:53:29.246Z"
  }
},
{
  "model": "core.agent",
  "pk": 6,
  "fields": {
    "user": 7,
    "agent_id": "AG001",
    "name": "",
    "phone": "",
    "email": null,
    "address": null,
    "date_of_birth": null,
    "gender": null,
    "city": "Delhi",
    "state": null,
    "pin_code": null,
    "profile_photo": "",
    "status": "blocked",
    "created_by": null,
    "created_at": "2026-02-07T07:58:27.105Z",
    "updated_at": "2026-02-10T08:46:12.565Z"
  }
},
{
  "model": "core.agent",
  "pk": 7,
  "fields": {
    "user": 40,
    "agent_id": null,
    "name": "dadwd dddd",
    "phone": "7894563021",
    "email": "ss1@gmail.com",
    "address": null,
    "date_of_birth": null,
    "gender": null,
    "city": null,
    "state": null,
    "pin_code": null,
    "profile_photo": "",
    "status": "active",
    "created_by": null,
    "created_at": "2026-02-10T05:30:34.729Z",
    "updated_at": "2026-02-10T05:30:34.729Z"
  }
},
{
  "model": "core.agent",
  "pk": 8,
  "fields": {
    "user": 41,
    "agent_id": null,
    "name": "ramu",
    "phone": "3698520147",
    "email": "ramu@gmail.com",
    "address": "",
    "date_of_birth": null,
    "gender": "Other",
    "city": null,
    "state": null,
    "pin_code": null,
    "profile_photo": "",
    "status": "active",
    "created_by": 4,
    "created_at": "2026-02-10T10:45:24.344Z",
    "updated_at": "2026-02-10T10:45:24.344Z"
  }
},
{
  "model": "core.agent",
  "pk": 9,
  "fields": {
    "user": 42,
    "agent_id": null,
    "name": "bhjuhb",
    "phone": "9874563210",
    "email": "la1gg2@gmail.com",
    "address": null,
    "date_of_birth": null,
    "gender": null,
    "city": "",
    "state": "",
    "pin_code": null,
    "profile_photo": "",
    "status": "active",
    "created_by": 25,
    "created_at": "2026-02-10T11:39:59.487Z",
    "updated_at": "2026-02-10T11:39:59.487Z"
  }
},
{
  "model": "core.agent",
  "pk": 10,
  "fields": {
    "user": 43,
    "agent_id": "mjmnn",
    "name": "dsd",
    "phone": "7410258963",
    "email": "mdnmmd@gmail.com",
    "address": "",
    "date_of_birth": null,
    "gender": "Female",
    "city": null,
    "state": null,
    "pin_code": null,
    "profile_photo": "",
    "status": "active",
    "created_by": 32,
    "created_at": "2026-02-10T18:01:08.324Z",
    "updated_at": "2026-02-10T18:01:08.324Z"
  }
},
{
  "model": "core.agent",
  "pk": 11,
  "fields": {
    "user": 45,
    "agent_id": "AGENT_45",
    "name": "Agent Test",
    "phone": "9999999999",
    "email": "agent12@gmail.com",
    "address": null,
    "date_of_birth": null,
    "gender": null,
    "city": null,
    "state": null,
    "pin_code": null,
    "profile_photo": "",
    "status": "active",
    "created_by": null,
    "created_at": "2026-02-11T09:40:39.755Z",
    "updated_at": "2026-02-11T09:40:39.755Z"
  }
},
{
  "model": "core.agent",
  "pk": 12,
  "fields": {
    "user": 47,
    "agent_id": null,
    "name": "EMPagnet",
    "phone": "7896541203",
    "email": "eee1@gmail.com",
    "address": null,
    "date_of_birth": null,
    "gender": null,
    "city": "dd",
    "state": "odisha",
    "pin_code": null,
    "profile_photo": "",
    "status": "active",
    "created_by": 44,
    "created_at": "2026-03-09T06:50:56.230Z",
    "updated_at": "2026-03-09T06:51:10.221Z"
  }
},
{
  "model": "core.agent",
  "pk": 13,
  "fields": {
    "user": 48,
    "agent_id": "121212",
    "name": "ramkumar",
    "phone": "7788996600",
    "email": "rk1@gmail.com",
    "address": "hvhavvvx",
    "date_of_birth": null,
    "gender": "Male",
    "city": null,
    "state": null,
    "pin_code": null,
    "profile_photo": "agent_photos/WhatsApp_Image_2026-03-07_at_11_a8SnPCT.08.55_AM1.jpeg",
    "status": "active",
    "created_by": 31,
    "created_at": "2026-03-09T09:07:27.530Z",
    "updated_at": "2026-03-09T10:20:18.251Z"
  }
},
{
  "model": "core.loan",
  "pk": 20,
  "fields": {
    "full_name": "Test Applicant 2",
    "user_id": "USR202602071001",
    "username": null,
    "password": null,
    "mobile_number": "9876543211",
    "email": "app2@email.com",
    "city": null,
    "state": null,
    "pin_code": null,
    "permanent_address": null,
    "current_address": null,
    "loan_type": "home",
    "loan_amount": "75000.00",
    "tenure_months": null,
    "interest_rate": null,
    "emi": null,
    "loan_purpose": null,
    "bank_name": null,
    "bank_account_number": null,
    "bank_ifsc_code": null,
    "bank_type": null,
    "applicant_type": "employee",
    "assigned_employee": null,
    "assigned_agent": null,
    "status": "approved",
    "assigned_at": null,
    "action_taken_at": null,
    "follow_up_triggered_at": null,
    "requires_follow_up": false,
    "has_co_applicant": false,
    "co_applicant_name": null,
    "co_applicant_phone": null,
    "co_applicant_email": null,
    "has_guarantor": false,
    "guarantor_name": null,
    "guarantor_phone": null,
    "guarantor_email": null,
    "remarks": null,
    "created_by": 4,
    "created_at": "2026-02-07T07:59:17.943Z",
    "updated_at": "2026-02-07T07:59:17.943Z"
  }
},
{
  "model": "core.loan",
  "pk": 22,
  "fields": {
    "full_name": "Test Applicant 4",
    "user_id": "USR202602071003",
    "username": null,
    "password": null,
    "mobile_number": "9876543213",
    "email": "app4@email.com",
    "city": null,
    "state": null,
    "pin_code": null,
    "permanent_address": null,
    "current_address": null,
    "loan_type": "business",
    "loan_amount": "150000.00",
    "tenure_months": null,
    "interest_rate": null,
    "emi": null,
    "loan_purpose": null,
    "bank_name": null,
    "bank_account_number": null,
    "bank_ifsc_code": null,
    "bank_type": null,
    "applicant_type": "employee",
    "assigned_employee": null,
    "assigned_agent": null,
    "status": "disbursed",
    "assigned_at": null,
    "action_taken_at": null,
    "follow_up_triggered_at": null,
    "requires_follow_up": false,
    "has_co_applicant": false,
    "co_applicant_name": null,
    "co_applicant_phone": null,
    "co_applicant_email": null,
    "has_guarantor": false,
    "guarantor_name": null,
    "guarantor_phone": null,
    "guarantor_email": null,
    "remarks": null,
    "created_by": 4,
    "created_at": "2026-02-07T07:59:18.097Z",
    "updated_at": "2026-02-07T07:59:18.097Z"
  }
},
{
  "model": "core.loan",
  "pk": 23,
  "fields": {
    "full_name": "Test Applicant 5",
    "user_id": "USR202602071004",
    "username": null,
    "password": null,
    "mobile_number": "9876543214",
    "email": "app5@email.com",
    "city": null,
    "state": null,
    "pin_code": null,
    "permanent_address": null,
    "current_address": null,
    "loan_type": "education",
    "loan_amount": "200000.00",
    "tenure_months": null,
    "interest_rate": null,
    "emi": null,
    "loan_purpose": null,
    "bank_name": null,
    "bank_account_number": null,
    "bank_ifsc_code": null,
    "bank_type": null,
    "applicant_type": "employee",
    "assigned_employee": null,
    "assigned_agent": null,
    "status": "approved",
    "assigned_at": null,
    "action_taken_at": null,
    "follow_up_triggered_at": null,
    "requires_follow_up": false,
    "has_co_applicant": false,
    "co_applicant_name": null,
    "co_applicant_phone": null,
    "co_applicant_email": null,
    "has_guarantor": false,
    "guarantor_name": null,
    "guarantor_phone": null,
    "guarantor_email": null,
    "remarks": null,
    "created_by": 4,
    "created_at": "2026-02-07T07:59:18.179Z",
    "updated_at": "2026-02-07T07:59:18.179Z"
  }
},
{
  "model": "core.loan",
  "pk": 24,
  "fields": {
    "full_name": "Test Borrower",
    "user_id": "USR20260210110658",
    "username": null,
    "password": null,
    "mobile_number": "9876543210",
    "email": "test@example.com",
    "city": null,
    "state": null,
    "pin_code": null,
    "permanent_address": null,
    "current_address": null,
    "loan_type": "personal",
    "loan_amount": "100000.00",
    "tenure_months": 12,
    "interest_rate": null,
    "emi": null,
    "loan_purpose": null,
    "bank_name": null,
    "bank_account_number": null,
    "bank_ifsc_code": null,
    "bank_type": null,
    "applicant_type": "employee",
    "assigned_employee": null,
    "assigned_agent": null,
    "status": "approved",
    "assigned_at": null,
    "action_taken_at": "2026-03-08T11:07:16.890Z",
    "follow_up_triggered_at": null,
    "requires_follow_up": false,
    "has_co_applicant": false,
    "co_applicant_name": null,
    "co_applicant_phone": null,
    "co_applicant_email": null,
    "has_guarantor": false,
    "guarantor_name": null,
    "guarantor_phone": null,
    "guarantor_email": null,
    "remarks": null,
    "created_by": null,
    "created_at": "2026-02-10T05:36:58.189Z",
    "updated_at": "2026-03-08T11:07:16.890Z"
  }
},
{
  "model": "core.loan",
  "pk": 25,
  "fields": {
    "full_name": "kama1",
    "user_id": "USR20260308135951",
    "username": null,
    "password": null,
    "mobile_number": "7896541023",
    "email": "k1@gmail.com",
    "city": "cscsc",
    "state": "cscsc",
    "pin_code": "755019",
    "permanent_address": "cascsc",
    "current_address": "",
    "loan_type": "personal loan",
    "loan_amount": "5000000.00",
    "tenure_months": 36,
    "interest_rate": "0.00",
    "emi": null,
    "loan_purpose": "no",
    "bank_name": "Mo bank",
    "bank_account_number": null,
    "bank_ifsc_code": null,
    "bank_type": null,
    "applicant_type": "agent",
    "assigned_employee": 24,
    "assigned_agent": 11,
    "status": "waiting",
    "assigned_at": "2026-03-08T08:30:51.815Z",
    "action_taken_at": null,
    "follow_up_triggered_at": null,
    "requires_follow_up": false,
    "has_co_applicant": false,
    "co_applicant_name": null,
    "co_applicant_phone": null,
    "co_applicant_email": null,
    "has_guarantor": false,
    "guarantor_name": null,
    "guarantor_phone": null,
    "guarantor_email": null,
    "remarks": "no",
    "created_by": 45,
    "created_at": "2026-03-08T08:29:51.916Z",
    "updated_at": "2026-03-08T08:30:51.815Z"
  }
},
{
  "model": "core.loan",
  "pk": 26,
  "fields": {
    "full_name": "kama2",
    "user_id": "USR20260308145154",
    "username": null,
    "password": null,
    "mobile_number": "9032568741",
    "email": "ka2@gmail.com",
    "city": "Unknown",
    "state": "Unknown",
    "pin_code": "750015",
    "permanent_address": "n n xhbvsujbjbubdx",
    "current_address": "",
    "loan_type": "home loan",
    "loan_amount": "50000.00",
    "tenure_months": 12,
    "interest_rate": "0.00",
    "emi": null,
    "loan_purpose": "sjbcjbs",
    "bank_name": "ama bank",
    "bank_account_number": null,
    "bank_ifsc_code": null,
    "bank_type": null,
    "applicant_type": "agent",
    "assigned_employee": 44,
    "assigned_agent": 11,
    "status": "approved",
    "assigned_at": "2026-03-08T09:22:26.928Z",
    "action_taken_at": "2026-03-09T06:48:12.233Z",
    "follow_up_triggered_at": null,
    "requires_follow_up": false,
    "has_co_applicant": false,
    "co_applicant_name": null,
    "co_applicant_phone": null,
    "co_applicant_email": null,
    "has_guarantor": false,
    "guarantor_name": null,
    "guarantor_phone": null,
    "guarantor_email": null,
    "remarks": "sjbcjbs\nBank Remark: asc",
    "created_by": 45,
    "created_at": "2026-03-08T09:21:54.222Z",
    "updated_at": "2026-03-09T06:48:12.233Z"
  }
},
{
  "model": "core.loan",
  "pk": 27,
  "fields": {
    "full_name": "kama3",
    "user_id": "USR20260309112037",
    "username": null,
    "password": null,
    "mobile_number": "9874563021",
    "email": "dd@gmail.com",
    "city": "kndjswnd",
    "state": "NA",
    "pin_code": "998877",
    "permanent_address": "jbwjbd swb",
    "current_address": null,
    "loan_type": "personal",
    "loan_amount": "150000.00",
    "tenure_months": 12,
    "interest_rate": null,
    "emi": null,
    "loan_purpose": "jbjbj",
    "bank_name": "Mo bank",
    "bank_account_number": "712106166549562632",
    "bank_ifsc_code": null,
    "bank_type": null,
    "applicant_type": "employee",
    "assigned_employee": 44,
    "assigned_agent": null,
    "status": "approved",
    "assigned_at": "2026-03-09T06:15:55.522Z",
    "action_taken_at": "2026-03-09T06:18:45.471Z",
    "follow_up_triggered_at": null,
    "requires_follow_up": false,
    "has_co_applicant": false,
    "co_applicant_name": null,
    "co_applicant_phone": null,
    "co_applicant_email": null,
    "has_guarantor": false,
    "guarantor_name": null,
    "guarantor_phone": null,
    "guarantor_email": null,
    "remarks": "Father Name: dkn djbwd\nMother Name: jbndjubdw\nDate of Birth: 1999-12-20\nGender: Female\nMarital Status: Married\nPermanent Address: jbwjbd swb\nPermanent Landmark: jbjbs\nPermanent City: kndjswnd\nPermanent PIN: 998877\nOccupation: Self Employed\nDate of Joining: 2024-12-12\nExperience (Years): 1\nCIBIL Score: 750\nAadhar Number: 987456321111\nPAN Number: GGGS786595\nBank Name: Mo bank\nAccount Number: 712106166549562632\nReference 1 Name: scscs\nReference 1 Mobile: 9874563210\nReference 1 Address: csccsc\nReference 2 Name: cscsc\nReference 2 Mobile: 4525987456\nReference 2 Address: n sc ac\nRemarks/Suggestions: jbjbj\nDocument 1: TIHIH\nAssigned By Admin: admin2 -> Employee: Employee Test",
    "created_by": 46,
    "created_at": "2026-03-09T05:50:37.090Z",
    "updated_at": "2026-03-09T06:18:45.471Z"
  }
},
{
  "model": "core.loan",
  "pk": 28,
  "fields": {
    "full_name": "ndjwdbn",
    "user_id": "USR20260309135111",
    "username": null,
    "password": null,
    "mobile_number": "2165154544",
    "email": "dsd@gmail.com",
    "city": "mn janx",
    "state": "mn janx",
    "pin_code": "789654",
    "permanent_address": "n n s",
    "current_address": "",
    "loan_type": "personal loan",
    "loan_amount": "120000.00",
    "tenure_months": 16,
    "interest_rate": "0.00",
    "emi": null,
    "loan_purpose": "bs",
    "bank_name": "Ae bank",
    "bank_account_number": null,
    "bank_ifsc_code": null,
    "bank_type": null,
    "applicant_type": "agent",
    "assigned_employee": null,
    "assigned_agent": 11,
    "status": "new_entry",
    "assigned_at": null,
    "action_taken_at": null,
    "follow_up_triggered_at": null,
    "requires_follow_up": false,
    "has_co_applicant": false,
    "co_applicant_name": null,
    "co_applicant_phone": null,
    "co_applicant_email": null,
    "has_guarantor": false,
    "guarantor_name": null,
    "guarantor_phone": null,
    "guarantor_email": null,
    "remarks": "bs\n\nADDITIONAL INFO:\nPAN: HVHS856544\nAadhar: 785858589696\nDOB: None\nGender: Female\nEmployment Type: None\nEmployer: None\nAnnual Income: None\nAccount Type: None\nCollateral: None\nCollateral Value: None\nExisting Loans: None\nCredit Score: None",
    "created_by": 45,
    "created_at": "2026-03-09T08:21:11.065Z",
    "updated_at": "2026-03-09T08:21:11.918Z"
  }
},
{
  "model": "core.loandocument",
  "pk": 1,
  "fields": {
    "loan": 27,
    "document_type": "other",
    "file": "loan_documents/2026/03/09/WhatsApp_Image_2026-03-07_at_11_a8SnPCT.08.55_AM.jpeg",
    "is_required": false,
    "uploaded_at": "2026-03-09T05:50:37.947Z",
    "updated_at": "2026-03-09T05:50:37.948Z"
  }
},
{
  "model": "core.complaint",
  "pk": 11,
  "fields": {
    "complaint_id": "COMP-000001",
    "customer_name": "Priya Sharma",
    "loan": null,
    "filed_by_employee": 35,
    "filed_by_agent": null,
    "complaint_type": "service",
    "priority": "high",
    "status": "open",
    "description": "My loan application is taking too long. Applied 2 weeks ago, still waiting for approval.",
    "assigned_admin": null,
    "created_by": 4,
    "created_at": "2026-02-07T07:59:17.224Z",
    "updated_at": "2026-02-07T07:59:17.224Z",
    "resolved_at": null
  }
},
{
  "model": "core.complaint",
  "pk": 12,
  "fields": {
    "complaint_id": "COMP-000002",
    "customer_name": "Vikas Patel",
    "loan": null,
    "filed_by_employee": null,
    "filed_by_agent": 6,
    "complaint_type": "documentation",
    "priority": "medium",
    "status": "in_progress",
    "description": "I was asked for PAN card but I already submitted it in my first application.",
    "assigned_admin": null,
    "created_by": 4,
    "created_at": "2026-02-07T07:59:17.292Z",
    "updated_at": "2026-02-07T07:59:17.292Z",
    "resolved_at": null
  }
},
{
  "model": "core.complaint",
  "pk": 13,
  "fields": {
    "complaint_id": "COMP-000003",
    "customer_name": "Amit Singh",
    "loan": null,
    "filed_by_employee": 35,
    "filed_by_agent": null,
    "complaint_type": "service",
    "priority": "high",
    "status": "open",
    "description": "The agent was rude and unprofessional during the verification call. Needs improvement.",
    "assigned_admin": null,
    "created_by": 4,
    "created_at": "2026-02-07T07:59:17.362Z",
    "updated_at": "2026-02-07T07:59:17.362Z",
    "resolved_at": null
  }
},
{
  "model": "core.complaint",
  "pk": 14,
  "fields": {
    "complaint_id": "COMP-000004",
    "customer_name": "Neha Gupta",
    "loan": null,
    "filed_by_employee": 35,
    "filed_by_agent": null,
    "complaint_type": "service",
    "priority": "low",
    "status": "resolved",
    "description": "Getting 404 errors when trying to upload documents. Please fix.",
    "assigned_admin": null,
    "created_by": 4,
    "created_at": "2026-02-07T07:59:17.458Z",
    "updated_at": "2026-02-07T07:59:17.458Z",
    "resolved_at": null
  }
},
{
  "model": "core.complaint",
  "pk": 15,
  "fields": {
    "complaint_id": "COMP-000005",
    "customer_name": "Rohit Kumar",
    "loan": null,
    "filed_by_employee": 35,
    "filed_by_agent": null,
    "complaint_type": "payment",
    "priority": "medium",
    "status": "resolved",
    "description": "The interest rate displayed is different from what was quoted. Need clarification.",
    "assigned_admin": null,
    "created_by": 4,
    "created_at": "2026-02-07T07:59:17.586Z",
    "updated_at": "2026-03-08T06:46:03.255Z",
    "resolved_at": null
  }
},
{
  "model": "core.complaintcomment",
  "pk": 1,
  "fields": {
    "complaint": 15,
    "comment": "csc",
    "commented_by": 4,
    "created_at": "2026-02-10T08:46:53.065Z"
  }
},
{
  "model": "core.complaintcomment",
  "pk": 2,
  "fields": {
    "complaint": 15,
    "comment": "no",
    "commented_by": 46,
    "created_at": "2026-03-08T06:46:03.443Z"
  }
},
{
  "model": "core.activitylog",
  "pk": 1,
  "fields": {
    "action": "loan_added",
    "description": "New loan added for 'Ram Kumar' (employee)",
    "user": 4,
    "related_loan": null,
    "related_agent": null,
    "related_complaint": null,
    "created_at": "2025-12-30T12:49:53.613Z"
  }
},
{
  "model": "core.activitylog",
  "pk": 2,
  "fields": {
    "action": "loan_added",
    "description": "User 'admin' logged in",
    "user": 4,
    "related_loan": null,
    "related_agent": null,
    "related_complaint": null,
    "created_at": "2026-01-03T06:19:33.766Z"
  }
},
{
  "model": "core.activitylog",
  "pk": 3,
  "fields": {
    "action": "loan_added",
    "description": "New loan added for 'cewcecec' (employee)",
    "user": 4,
    "related_loan": null,
    "related_agent": null,
    "related_complaint": null,
    "created_at": "2026-01-03T06:26:55.140Z"
  }
},
{
  "model": "core.activitylog",
  "pk": 4,
  "fields": {
    "action": "loan_added",
    "description": "New Employee application from Tbhnuj",
    "user": null,
    "related_loan": null,
    "related_agent": null,
    "related_complaint": null,
    "created_at": "2026-01-04T06:46:29.201Z"
  }
},
{
  "model": "core.activitylog",
  "pk": 5,
  "fields": {
    "action": "application_assigned",
    "description": "Application Tbhnuj assigned to Ram Kumar",
    "user": null,
    "related_loan": null,
    "related_agent": null,
    "related_complaint": null,
    "created_at": "2026-01-04T07:17:07.621Z"
  }
},
{
  "model": "core.activitylog",
  "pk": 6,
  "fields": {
    "action": "application_assigned",
    "description": "Application Tmnjnhnkihnk assigned to Ram Kumar",
    "user": null,
    "related_loan": null,
    "related_agent": null,
    "related_complaint": null,
    "created_at": "2026-01-04T07:40:51.163Z"
  }
},
{
  "model": "core.activitylog",
  "pk": 7,
  "fields": {
    "action": "loan_added",
    "description": "Admin 'admin' logged in",
    "user": 4,
    "related_loan": null,
    "related_agent": null,
    "related_complaint": null,
    "created_at": "2026-01-05T07:47:06.202Z"
  }
},
{
  "model": "core.activitylog",
  "pk": 8,
  "fields": {
    "action": "loan_added",
    "description": "Admin 'admin' logged in",
    "user": 4,
    "related_loan": null,
    "related_agent": null,
    "related_complaint": null,
    "created_at": "2026-01-05T07:55:41.859Z"
  }
},
{
  "model": "core.activitylog",
  "pk": 9,
  "fields": {
    "action": "loan_added",
    "description": "Admin 'admin' logged in",
    "user": 4,
    "related_loan": null,
    "related_agent": null,
    "related_complaint": null,
    "created_at": "2026-01-05T08:23:19.361Z"
  }
},
{
  "model": "core.activitylog",
  "pk": 10,
  "fields": {
    "action": "loan_added",
    "description": "Admin 'admin' logged in",
    "user": 4,
    "related_loan": null,
    "related_agent": null,
    "related_complaint": null,
    "created_at": "2026-01-05T08:56:01.772Z"
  }
},
{
  "model": "core.activitylog",
  "pk": 11,
  "fields": {
    "action": "loan_added",
    "description": "Admin 'admin' logged in",
    "user": 4,
    "related_loan": null,
    "related_agent": null,
    "related_complaint": null,
    "created_at": "2026-01-05T09:09:01.575Z"
  }
},
{
  "model": "core.activitylog",
  "pk": 12,
  "fields": {
    "action": "application_approved",
    "description": "Application Tmnjnhnkihnk approved by Admin",
    "user": null,
    "related_loan": null,
    "related_agent": null,
    "related_complaint": null,
    "created_at": "2026-01-05T09:11:51.396Z"
  }
},
{
  "model": "core.activitylog",
  "pk": 13,
  "fields": {
    "action": "application_approved",
    "description": "Application Tbhnuj approved by Admin",
    "user": null,
    "related_loan": null,
    "related_agent": null,
    "related_complaint": null,
    "created_at": "2026-01-05T09:23:48.129Z"
  }
},
{
  "model": "core.activitylog",
  "pk": 14,
  "fields": {
    "action": "agent_registered",
    "description": "New agent 'kumm' registered",
    "user": 4,
    "related_loan": null,
    "related_agent": 2,
    "related_complaint": null,
    "created_at": "2026-01-05T09:26:42.145Z"
  }
},
{
  "model": "core.activitylog",
  "pk": 15,
  "fields": {
    "action": "loan_added",
    "description": "Admin 'admin' logged in",
    "user": 4,
    "related_loan": null,
    "related_agent": null,
    "related_complaint": null,
    "created_at": "2026-01-05T10:26:06.432Z"
  }
},
{
  "model": "core.activitylog",
  "pk": 16,
  "fields": {
    "action": "loan_added",
    "description": "Admin 'admin' logged in",
    "user": 4,
    "related_loan": null,
    "related_agent": null,
    "related_complaint": null,
    "created_at": "2026-01-05T10:26:35.470Z"
  }
},
{
  "model": "core.activitylog",
  "pk": 17,
  "fields": {
    "action": "loan_added",
    "description": "Admin 'admin' logged in",
    "user": 4,
    "related_loan": null,
    "related_agent": null,
    "related_complaint": null,
    "created_at": "2026-01-05T10:26:48.275Z"
  }
},
{
  "model": "core.activitylog",
  "pk": 18,
  "fields": {
    "action": "loan_added",
    "description": "Admin 'admin' logged in",
    "user": 4,
    "related_loan": null,
    "related_agent": null,
    "related_complaint": null,
    "created_at": "2026-01-05T10:27:28.171Z"
  }
},
{
  "model": "core.activitylog",
  "pk": 19,
  "fields": {
    "action": "loan_added",
    "description": "Admin 'admin' logged in",
    "user": 4,
    "related_loan": null,
    "related_agent": null,
    "related_complaint": null,
    "created_at": "2026-01-05T10:27:46.034Z"
  }
},
{
  "model": "core.activitylog",
  "pk": 20,
  "fields": {
    "action": "agent_registered",
    "description": "New agent 'laxman' registered",
    "user": 4,
    "related_loan": null,
    "related_agent": 3,
    "related_complaint": null,
    "created_at": "2026-01-05T11:10:14.391Z"
  }
},
{
  "model": "core.activitylog",
  "pk": 21,
  "fields": {
    "action": "loan_added",
    "description": "Admin 'admin' logged in",
    "user": 4,
    "related_loan": null,
    "related_agent": null,
    "related_complaint": null,
    "created_at": "2026-01-05T11:10:57.959Z"
  }
},
{
  "model": "core.activitylog",
  "pk": 22,
  "fields": {
    "action": "loan_added",
    "description": "Admin 'admin' logged in",
    "user": 4,
    "related_loan": null,
    "related_agent": null,
    "related_complaint": null,
    "created_at": "2026-01-05T11:23:29.432Z"
  }
},
{
  "model": "core.activitylog",
  "pk": 23,
  "fields": {
    "action": "loan_added",
    "description": "Admin 'admin' logged in",
    "user": 4,
    "related_loan": null,
    "related_agent": null,
    "related_complaint": null,
    "created_at": "2026-01-05T11:38:04.690Z"
  }
},
{
  "model": "core.activitylog",
  "pk": 24,
  "fields": {
    "action": "loan_added",
    "description": "Admin 'admin' logged in",
    "user": 4,
    "related_loan": null,
    "related_agent": null,
    "related_complaint": null,
    "created_at": "2026-01-05T11:38:34.682Z"
  }
},
{
  "model": "core.activitylog",
  "pk": 25,
  "fields": {
    "action": "loan_added",
    "description": "Admin 'admin' logged in",
    "user": 4,
    "related_loan": null,
    "related_agent": null,
    "related_complaint": null,
    "created_at": "2026-01-05T11:45:50.927Z"
  }
},
{
  "model": "core.activitylog",
  "pk": 26,
  "fields": {
    "action": "loan_added",
    "description": "Admin 'admin' logged in",
    "user": 4,
    "related_loan": null,
    "related_agent": null,
    "related_complaint": null,
    "created_at": "2026-01-05T12:00:47.420Z"
  }
},
{
  "model": "core.activitylog",
  "pk": 27,
  "fields": {
    "action": "loan_added",
    "description": "Admin 'admin' logged in",
    "user": 4,
    "related_loan": null,
    "related_agent": null,
    "related_complaint": null,
    "created_at": "2026-01-06T07:05:15.106Z"
  }
},
{
  "model": "core.activitylog",
  "pk": 28,
  "fields": {
    "action": "loan_added",
    "description": "Admin 'admin' logged in",
    "user": 4,
    "related_loan": null,
    "related_agent": null,
    "related_complaint": null,
    "created_at": "2026-01-06T12:16:04.959Z"
  }
},
{
  "model": "core.activitylog",
  "pk": 29,
  "fields": {
    "action": "application_approved",
    "description": "Application Gooo approved by Admin",
    "user": null,
    "related_loan": null,
    "related_agent": null,
    "related_complaint": null,
    "created_at": "2026-01-12T08:19:13.724Z"
  }
},
{
  "model": "core.activitylog",
  "pk": 30,
  "fields": {
    "action": "status_updated",
    "description": "Auto-moved Bgbsge from Waiting to Follow-up (24hr timeout)",
    "user": null,
    "related_loan": null,
    "related_agent": null,
    "related_complaint": null,
    "created_at": "2026-01-17T05:26:25.228Z"
  }
},
{
  "model": "core.activitylog",
  "pk": 31,
  "fields": {
    "action": "loan_added",
    "description": "Admin 'admin' logged in",
    "user": 4,
    "related_loan": null,
    "related_agent": null,
    "related_complaint": null,
    "created_at": "2026-02-03T10:43:49.629Z"
  }
},
{
  "model": "core.activitylog",
  "pk": 32,
  "fields": {
    "action": "loan_added",
    "description": "Admin 'admin' logged in",
    "user": 4,
    "related_loan": null,
    "related_agent": null,
    "related_complaint": null,
    "created_at": "2026-02-03T11:03:58.571Z"
  }
},
{
  "model": "core.activitylog",
  "pk": 33,
  "fields": {
    "action": "Assigned loan to laxmi",
    "description": "Admin assigned loan #17 (Amit Patel) to employee laxmi",
    "user": 4,
    "related_loan": null,
    "related_agent": null,
    "related_complaint": null,
    "created_at": "2026-02-04T06:12:30.658Z"
  }
},
{
  "model": "core.activitylog",
  "pk": 34,
  "fields": {
    "action": "Assigned loan to laxmi1",
    "description": "Admin assigned loan #16 (Priya Singh) to employee laxmi1",
    "user": 4,
    "related_loan": null,
    "related_agent": null,
    "related_complaint": null,
    "created_at": "2026-02-04T06:12:30.786Z"
  }
},
{
  "model": "core.activitylog",
  "pk": 35,
  "fields": {
    "action": "Assigned loan to emp",
    "description": "Admin assigned loan #15 (tgggdst) to employee emp",
    "user": 4,
    "related_loan": null,
    "related_agent": null,
    "related_complaint": null,
    "created_at": "2026-02-04T06:12:30.928Z"
  }
},
{
  "model": "core.activitylog",
  "pk": 36,
  "fields": {
    "action": "Assigned loan to 12",
    "description": "Admin assigned loan #14 (Test User Rajesh) to employee 12",
    "user": 4,
    "related_loan": null,
    "related_agent": null,
    "related_complaint": null,
    "created_at": "2026-02-04T06:12:31.050Z"
  }
},
{
  "model": "core.activitylog",
  "pk": 37,
  "fields": {
    "action": "Assigned loan to kam",
    "description": "Admin assigned loan #13 (kakudi) to employee kam",
    "user": 4,
    "related_loan": null,
    "related_agent": null,
    "related_complaint": null,
    "created_at": "2026-02-04T06:12:31.172Z"
  }
},
{
  "model": "core.activitylog",
  "pk": 38,
  "fields": {
    "action": "Assigned loan to laxmi",
    "description": "Admin assigned loan #12 (Waiting for Processing Applicant 2) to employee laxmi",
    "user": 4,
    "related_loan": null,
    "related_agent": null,
    "related_complaint": null,
    "created_at": "2026-02-04T06:12:31.378Z"
  }
},
{
  "model": "core.activitylog",
  "pk": 39,
  "fields": {
    "action": "Assigned loan to laxmi1",
    "description": "Admin assigned loan #11 (Waiting for Processing Applicant 1) to employee laxmi1",
    "user": 4,
    "related_loan": null,
    "related_agent": null,
    "related_complaint": null,
    "created_at": "2026-02-04T06:12:31.534Z"
  }
},
{
  "model": "core.activitylog",
  "pk": 40,
  "fields": {
    "action": "Assigned loan to emp",
    "description": "Admin assigned loan #10 (Vikas Desai) to employee emp",
    "user": 4,
    "related_loan": null,
    "related_agent": null,
    "related_complaint": null,
    "created_at": "2026-02-04T06:12:31.751Z"
  }
},
{
  "model": "core.activitylog",
  "pk": 41,
  "fields": {
    "action": "agent_created",
    "description": "Employee Laxmi Kumari created agent Test Agent",
    "user": 24,
    "related_loan": null,
    "related_agent": null,
    "related_complaint": null,
    "created_at": "2026-02-04T06:53:29.326Z"
  }
},
{
  "model": "core.activitylog",
  "pk": 42,
  "fields": {
    "action": "loan_added",
    "description": "Subadmin 'subadmin' logged in",
    "user": 32,
    "related_loan": null,
    "related_agent": null,
    "related_complaint": null,
    "created_at": "2026-02-04T11:30:06.513Z"
  }
},
{
  "model": "core.activitylog",
  "pk": 43,
  "fields": {
    "action": "loan_added",
    "description": "Subadmin 'subadmin' logged in",
    "user": 32,
    "related_loan": null,
    "related_agent": null,
    "related_complaint": null,
    "created_at": "2026-02-04T12:18:04.334Z"
  }
},
{
  "model": "core.activitylog",
  "pk": 44,
  "fields": {
    "action": "loan_added",
    "description": "Admin 'admin' logged in",
    "user": 4,
    "related_loan": null,
    "related_agent": null,
    "related_complaint": null,
    "created_at": "2026-02-07T07:00:49.777Z"
  }
},
{
  "model": "core.activitylog",
  "pk": 45,
  "fields": {
    "action": "loan_added",
    "description": "Subadmin 'subadmin' logged in",
    "user": 32,
    "related_loan": null,
    "related_agent": null,
    "related_complaint": null,
    "created_at": "2026-02-07T08:23:04.194Z"
  }
},
{
  "model": "core.activitylog",
  "pk": 46,
  "fields": {
    "action": "loan_added",
    "description": "Subadmin 'subadmin' logged in",
    "user": 32,
    "related_loan": null,
    "related_agent": null,
    "related_complaint": null,
    "created_at": "2026-02-07T08:41:45.097Z"
  }
},
{
  "model": "core.activitylog",
  "pk": 47,
  "fields": {
    "action": "loan_added",
    "description": "Admin 'admin' logged in",
    "user": 4,
    "related_loan": null,
    "related_agent": null,
    "related_complaint": null,
    "created_at": "2026-02-07T08:46:09.370Z"
  }
},
{
  "model": "core.activitylog",
  "pk": 48,
  "fields": {
    "action": "loan_added",
    "description": "Subadmin 'subadmin' logged in",
    "user": 32,
    "related_loan": null,
    "related_agent": null,
    "related_complaint": null,
    "created_at": "2026-02-07T09:23:13.753Z"
  }
},
{
  "model": "core.activitylog",
  "pk": 49,
  "fields": {
    "action": "loan_added",
    "description": "Admin 'admin' logged in",
    "user": 4,
    "related_loan": null,
    "related_agent": null,
    "related_complaint": null,
    "created_at": "2026-02-07T16:39:29.245Z"
  }
},
{
  "model": "core.activitylog",
  "pk": 50,
  "fields": {
    "action": "loan_added",
    "description": "Admin 'admin' logged in",
    "user": 4,
    "related_loan": null,
    "related_agent": null,
    "related_complaint": null,
    "created_at": "2026-02-07T16:39:52.519Z"
  }
},
{
  "model": "core.activitylog",
  "pk": 51,
  "fields": {
    "action": "loan_added",
    "description": "Admin 'admin' logged in",
    "user": 4,
    "related_loan": null,
    "related_agent": null,
    "related_complaint": null,
    "created_at": "2026-02-07T16:41:06.163Z"
  }
},
{
  "model": "core.activitylog",
  "pk": 52,
  "fields": {
    "action": "loan_added",
    "description": "Admin 'admin' logged in",
    "user": 4,
    "related_loan": null,
    "related_agent": null,
    "related_complaint": null,
    "created_at": "2026-02-07T16:41:31.540Z"
  }
},
{
  "model": "core.activitylog",
  "pk": 53,
  "fields": {
    "action": "loan_added",
    "description": "Admin 'admin' logged in",
    "user": 4,
    "related_loan": null,
    "related_agent": null,
    "related_complaint": null,
    "created_at": "2026-02-07T16:42:54.679Z"
  }
},
{
  "model": "core.activitylog",
  "pk": 54,
  "fields": {
    "action": "loan_added",
    "description": "Subadmin 'subadmin' logged in",
    "user": 32,
    "related_loan": null,
    "related_agent": null,
    "related_complaint": null,
    "created_at": "2026-02-08T05:44:32.136Z"
  }
},
{
  "model": "core.activitylog",
  "pk": 55,
  "fields": {
    "action": "loan_assigned",
    "description": "Admin Admin User assigned loan Test Applicant 1 to employee Laxmi Kumari",
    "user": 4,
    "related_loan": null,
    "related_agent": null,
    "related_complaint": null,
    "created_at": "2026-02-10T10:22:00.067Z"
  }
},
{
  "model": "core.activitylog",
  "pk": 56,
  "fields": {
    "action": "agent_created",
    "description": "Employee Laxmi Kumari created agent bhjuhb",
    "user": 25,
    "related_loan": null,
    "related_agent": 9,
    "related_complaint": null,
    "created_at": "2026-02-10T11:39:59.632Z"
  }
},
{
  "model": "core.activitylog",
  "pk": 57,
  "fields": {
    "action": "loan_added",
    "description": "Admin 'admin' logged in",
    "user": 4,
    "related_loan": null,
    "related_agent": null,
    "related_complaint": null,
    "created_at": "2026-02-10T16:36:34.459Z"
  }
},
{
  "model": "core.activitylog",
  "pk": 58,
  "fields": {
    "action": "loan_added",
    "description": "Admin 'admin' logged in",
    "user": 4,
    "related_loan": null,
    "related_agent": null,
    "related_complaint": null,
    "created_at": "2026-02-10T17:01:34.331Z"
  }
},
{
  "model": "core.activitylog",
  "pk": 59,
  "fields": {
    "action": "loan_added",
    "description": "Admin 'admin' logged in",
    "user": 4,
    "related_loan": null,
    "related_agent": null,
    "related_complaint": null,
    "created_at": "2026-02-10T18:21:46.524Z"
  }
},
{
  "model": "core.activitylog",
  "pk": 60,
  "fields": {
    "action": "loan_added",
    "description": "Admin 'admin2' logged in",
    "user": 46,
    "related_loan": null,
    "related_agent": null,
    "related_complaint": null,
    "created_at": "2026-03-08T07:06:40.522Z"
  }
},
{
  "model": "core.activitylog",
  "pk": 61,
  "fields": {
    "action": "loan_added",
    "description": "Admin 'admin2' logged in",
    "user": 46,
    "related_loan": null,
    "related_agent": null,
    "related_complaint": null,
    "created_at": "2026-03-08T08:17:45.288Z"
  }
},
{
  "model": "core.activitylog",
  "pk": 62,
  "fields": {
    "action": "loan_assigned",
    "description": "Admin  assigned loan kama1 to employee Laxmi Kumari",
    "user": 46,
    "related_loan": 25,
    "related_agent": null,
    "related_complaint": null,
    "created_at": "2026-03-08T08:30:52.113Z"
  }
},
{
  "model": "core.activitylog",
  "pk": 63,
  "fields": {
    "action": "loan_assigned",
    "description": "Admin  assigned loan kama2 to employee Employee Test",
    "user": 46,
    "related_loan": 26,
    "related_agent": null,
    "related_complaint": null,
    "created_at": "2026-03-08T09:22:27.047Z"
  }
},
{
  "model": "core.activitylog",
  "pk": 64,
  "fields": {
    "action": "loan_added",
    "description": "Admin 'admin2' logged in",
    "user": 46,
    "related_loan": null,
    "related_agent": null,
    "related_complaint": null,
    "created_at": "2026-03-08T11:05:12.120Z"
  }
},
{
  "model": "core.activitylog",
  "pk": 65,
  "fields": {
    "action": "loan_added",
    "description": "Admin 'admin2' logged in",
    "user": 46,
    "related_loan": null,
    "related_agent": null,
    "related_complaint": null,
    "created_at": "2026-03-08T12:47:23.875Z"
  }
},
{
  "model": "core.activitylog",
  "pk": 66,
  "fields": {
    "action": "loan_added",
    "description": "Admin 'admin2' logged in",
    "user": 46,
    "related_loan": null,
    "related_agent": null,
    "related_complaint": null,
    "created_at": "2026-03-09T05:48:12.838Z"
  }
},
{
  "model": "core.activitylog",
  "pk": 67,
  "fields": {
    "action": "status_updated",
    "description": "Workflow entry created from Loan #27 for kama3 (New Entry)",
    "user": 46,
    "related_loan": null,
    "related_agent": null,
    "related_complaint": null,
    "created_at": "2026-03-09T05:50:37.853Z"
  }
},
{
  "model": "core.activitylog",
  "pk": 68,
  "fields": {
    "action": "loan_added",
    "description": "Loan application created for 'kama3' (Loan ID 27)",
    "user": 46,
    "related_loan": 27,
    "related_agent": null,
    "related_complaint": null,
    "created_at": "2026-03-09T05:50:38.020Z"
  }
},
{
  "model": "core.activitylog",
  "pk": 69,
  "fields": {
    "action": "loan_assigned",
    "description": "Admin  assigned loan kama3 to employee Employee Test",
    "user": 46,
    "related_loan": 27,
    "related_agent": null,
    "related_complaint": null,
    "created_at": "2026-03-09T06:15:56.005Z"
  }
},
{
  "model": "core.activitylog",
  "pk": 70,
  "fields": {
    "action": "agent_created",
    "description": "Employee Employee Test created agent EMPagnet",
    "user": 44,
    "related_loan": null,
    "related_agent": 12,
    "related_complaint": null,
    "created_at": "2026-03-09T06:50:56.365Z"
  }
},
{
  "model": "core.activitylog",
  "pk": 71,
  "fields": {
    "action": "status_updated",
    "description": "Workflow entry created from Loan #28 for ndjwdbn (New Entry)",
    "user": 45,
    "related_loan": null,
    "related_agent": null,
    "related_complaint": null,
    "created_at": "2026-03-09T08:21:11.847Z"
  }
},
{
  "model": "core.activitylog",
  "pk": 72,
  "fields": {
    "action": "loan_added",
    "description": "Admin 'admin2' logged in",
    "user": 46,
    "related_loan": null,
    "related_agent": null,
    "related_complaint": null,
    "created_at": "2026-03-09T09:11:18.843Z"
  }
},
{
  "model": "core.activitylog",
  "pk": 73,
  "fields": {
    "action": "loan_added",
    "description": "Admin 'admin2' logged in",
    "user": 46,
    "related_loan": null,
    "related_agent": null,
    "related_complaint": null,
    "created_at": "2026-03-09T10:18:03.023Z"
  }
},
{
  "model": "core.applicant",
  "pk": 1,
  "fields": {
    "role": "employee",
    "full_name": "Bgbsge",
    "username": "Bwdws",
    "mobile": "9032147856",
    "email": "ds@gmail.com",
    "city": "edfwdsx",
    "state": "Odisha",
    "pin_code": "805203",
    "gender": "female",
    "loan_type": "home",
    "loan_amount": "80000.00",
    "tenure_months": 12,
    "interest_rate": "8.00",
    "emi": "6959.07",
    "loan_purpose": "study",
    "bank_name": "dsvewfw",
    "bank_type": "private",
    "account_number": "HH7896541",
    "ifsc_code": "UHT2140",
    "status": "New Entry",
    "created_at": "2026-01-04T06:14:54.472Z",
    "updated_at": "2026-01-04T06:14:54.472Z"
  }
},
{
  "model": "core.applicant",
  "pk": 2,
  "fields": {
    "role": "",
    "full_name": "Rakhi",
    "username": "",
    "mobile": "9874563201",
    "email": "r1233@gmail.com",
    "city": "",
    "state": "",
    "pin_code": "",
    "gender": "",
    "loan_type": null,
    "loan_amount": null,
    "tenure_months": null,
    "interest_rate": null,
    "emi": null,
    "loan_purpose": null,
    "bank_name": null,
    "bank_type": null,
    "account_number": null,
    "ifsc_code": null,
    "status": "New Entry",
    "created_at": "2026-01-04T06:19:17.515Z",
    "updated_at": "2026-01-12T11:20:01.795Z"
  }
},
{
  "model": "core.applicant",
  "pk": 3,
  "fields": {
    "role": "employee",
    "full_name": "Gooo",
    "username": "goo",
    "mobile": "9301254786",
    "email": "go@gmail.com",
    "city": "Rbst",
    "state": "Odisha",
    "pin_code": "8452631",
    "gender": "male",
    "loan_type": "lap",
    "loan_amount": "8000.00",
    "tenure_months": 20,
    "interest_rate": "17.00",
    "emi": "462.15",
    "loan_purpose": "study",
    "bank_name": "Raj",
    "bank_type": "private",
    "account_number": "7894526535",
    "ifsc_code": "IBM123654",
    "status": "New Entry",
    "created_at": "2026-01-04T06:24:00.267Z",
    "updated_at": "2026-01-04T06:24:00.267Z"
  }
},
{
  "model": "core.applicant",
  "pk": 4,
  "fields": {
    "role": "employee",
    "full_name": "Tmnjnhnkihnk",
    "username": "cvecdec",
    "mobile": "9032145687",
    "email": "cv@gmail.com",
    "city": "NVHV",
    "state": "Odisha",
    "pin_code": "755963",
    "gender": "female",
    "loan_type": "home",
    "loan_amount": "500000.00",
    "tenure_months": 20,
    "interest_rate": "15.00",
    "emi": "28410.19",
    "loan_purpose": "hnujhbjugb",
    "bank_name": "Binjnm khbb",
    "bank_type": "private",
    "account_number": "1452633977",
    "ifsc_code": "IOMGU123654",
    "status": "New Entry",
    "created_at": "2026-01-04T06:41:42.765Z",
    "updated_at": "2026-01-04T06:41:42.765Z"
  }
},
{
  "model": "core.applicant",
  "pk": 5,
  "fields": {
    "role": "employee",
    "full_name": "Tbhnuj",
    "username": "nmihnknkn",
    "mobile": "9874563210",
    "email": "yhan@gmail.com",
    "city": "Thaiuanm",
    "state": "Odisha",
    "pin_code": "896322",
    "gender": "female",
    "loan_type": "lap",
    "loan_amount": "120000.00",
    "tenure_months": 12,
    "interest_rate": "25.00",
    "emi": "11405.30",
    "loan_purpose": "cdwdw",
    "bank_name": "SBI",
    "bank_type": "government",
    "account_number": "789653214",
    "ifsc_code": "HUIOM14526398",
    "status": "New Entry",
    "created_at": "2026-01-04T06:46:22.633Z",
    "updated_at": "2026-01-04T06:46:22.633Z"
  }
},
{
  "model": "core.applicant",
  "pk": 6,
  "fields": {
    "role": "dsa",
    "full_name": "Test Applicant",
    "username": "test_applicant_9876543210",
    "mobile": "9876543210",
    "email": "applicant@test.com",
    "city": "Test City",
    "state": "Test State",
    "pin_code": "",
    "gender": "",
    "loan_type": "personal_loan",
    "loan_amount": "500000.00",
    "tenure_months": 24,
    "interest_rate": "12.00",
    "emi": "23536.74",
    "loan_purpose": "Education",
    "bank_name": "Test Bank",
    "bank_type": null,
    "account_number": "1234567890",
    "ifsc_code": "TEST0001",
    "status": "New Entry",
    "created_at": "2026-01-04T07:05:44.602Z",
    "updated_at": "2026-01-04T07:05:44.602Z"
  }
},
{
  "model": "core.applicant",
  "pk": 7,
  "fields": {
    "role": "agent",
    "full_name": "Test Applicant 1",
    "username": "testapp0",
    "mobile": "999900000",
    "email": "applicant1@test.com",
    "city": "Test City",
    "state": "Test State",
    "pin_code": "123456",
    "gender": "male",
    "loan_type": "personal",
    "loan_amount": "100000.00",
    "tenure_months": null,
    "interest_rate": null,
    "emi": null,
    "loan_purpose": null,
    "bank_name": null,
    "bank_type": null,
    "account_number": null,
    "ifsc_code": null,
    "status": "waiting",
    "created_at": "2026-01-05T08:20:30.045Z",
    "updated_at": "2026-01-05T08:20:30.045Z"
  }
},
{
  "model": "core.applicant",
  "pk": 8,
  "fields": {
    "role": "agent",
    "full_name": "kama2",
    "username": "ka2",
    "mobile": "9032568741",
    "email": "ka2@gmail.com",
    "city": "Unknown",
    "state": "Unknown",
    "pin_code": "750015",
    "gender": "other",
    "loan_type": "home loan",
    "loan_amount": "50000.00",
    "tenure_months": 12,
    "interest_rate": null,
    "emi": null,
    "loan_purpose": "sjbcjbs",
    "bank_name": "ama bank",
    "bank_type": null,
    "account_number": null,
    "ifsc_code": null,
    "status": "New Entry",
    "created_at": "2026-03-08T13:11:38.647Z",
    "updated_at": "2026-03-08T13:11:38.647Z"
  }
},
{
  "model": "core.applicant",
  "pk": 9,
  "fields": {
    "role": "employee",
    "full_name": "kama3",
    "username": "dd",
    "mobile": "9874563021",
    "email": "dd@gmail.com",
    "city": "kndjswnd",
    "state": "NA",
    "pin_code": "998877",
    "gender": "other",
    "loan_type": "personal",
    "loan_amount": "150000.00",
    "tenure_months": 12,
    "interest_rate": null,
    "emi": null,
    "loan_purpose": "jbjbj",
    "bank_name": "Mo bank",
    "bank_type": null,
    "account_number": "712106166549562632",
    "ifsc_code": null,
    "status": "New Entry",
    "created_at": "2026-03-09T05:50:37.533Z",
    "updated_at": "2026-03-09T05:50:37.533Z"
  }
},
{
  "model": "core.applicant",
  "pk": 10,
  "fields": {
    "role": "agent",
    "full_name": "ndjwdbn",
    "username": "dsd",
    "mobile": "2165154544",
    "email": "dsd@gmail.com",
    "city": "mn janx",
    "state": "mn janx",
    "pin_code": "789654",
    "gender": "other",
    "loan_type": "personal loan",
    "loan_amount": "120000.00",
    "tenure_months": 16,
    "interest_rate": "0.00",
    "emi": null,
    "loan_purpose": "bs",
    "bank_name": "Ae bank",
    "bank_type": null,
    "account_number": null,
    "ifsc_code": null,
    "status": "New Entry",
    "created_at": "2026-03-09T08:21:11.636Z",
    "updated_at": "2026-03-09T08:21:12.003Z"
  }
},
{
  "model": "core.applicant",
  "pk": 11,
  "fields": {
    "role": "employee",
    "full_name": "Test Applicant 1",
    "username": "app1",
    "mobile": "9876543210",
    "email": "app1@email.com",
    "city": "NA",
    "state": "NA",
    "pin_code": "000000",
    "gender": "other",
    "loan_type": "personal",
    "loan_amount": "50000.00",
    "tenure_months": null,
    "interest_rate": null,
    "emi": null,
    "loan_purpose": null,
    "bank_name": null,
    "bank_type": null,
    "account_number": null,
    "ifsc_code": null,
    "status": "New Entry",
    "created_at": "2026-03-09T10:48:51.618Z",
    "updated_at": "2026-03-09T10:48:51.618Z"
  }
},
{
  "model": "core.applicant",
  "pk": 12,
  "fields": {
    "role": "employee",
    "full_name": "Test Applicant 1",
    "username": "app12",
    "mobile": "9876543210",
    "email": "app1@email.com",
    "city": "NA",
    "state": "NA",
    "pin_code": "000000",
    "gender": "other",
    "loan_type": "personal",
    "loan_amount": "50000.00",
    "tenure_months": null,
    "interest_rate": null,
    "emi": null,
    "loan_purpose": null,
    "bank_name": null,
    "bank_type": null,
    "account_number": null,
    "ifsc_code": null,
    "status": "New Entry",
    "created_at": "2026-03-09T10:48:57.507Z",
    "updated_at": "2026-03-09T10:48:57.507Z"
  }
},
{
  "model": "core.applicant",
  "pk": 13,
  "fields": {
    "role": "employee",
    "full_name": "Test Applicant 1",
    "username": "app13",
    "mobile": "9876543210",
    "email": "app1@email.com",
    "city": "NA",
    "state": "NA",
    "pin_code": "000000",
    "gender": "other",
    "loan_type": "personal",
    "loan_amount": "50000.00",
    "tenure_months": null,
    "interest_rate": null,
    "emi": null,
    "loan_purpose": null,
    "bank_name": null,
    "bank_type": null,
    "account_number": null,
    "ifsc_code": null,
    "status": "New Entry",
    "created_at": "2026-03-09T10:49:05.591Z",
    "updated_at": "2026-03-09T10:49:05.591Z"
  }
},
{
  "model": "core.applicant",
  "pk": 14,
  "fields": {
    "role": "employee",
    "full_name": "Test Applicant 1",
    "username": "app14",
    "mobile": "9876543210",
    "email": "app1@email.com",
    "city": "NA",
    "state": "NA",
    "pin_code": "000000",
    "gender": "other",
    "loan_type": "personal",
    "loan_amount": "50000.00",
    "tenure_months": null,
    "interest_rate": null,
    "emi": null,
    "loan_purpose": null,
    "bank_name": null,
    "bank_type": null,
    "account_number": null,
    "ifsc_code": null,
    "status": "New Entry",
    "created_at": "2026-03-09T10:49:20.540Z",
    "updated_at": "2026-03-09T10:49:20.540Z"
  }
},
{
  "model": "core.applicant",
  "pk": 15,
  "fields": {
    "role": "employee",
    "full_name": "Test Applicant 1",
    "username": "app15",
    "mobile": "9876543210",
    "email": "app1@email.com",
    "city": "NA",
    "state": "NA",
    "pin_code": "000000",
    "gender": "other",
    "loan_type": "personal",
    "loan_amount": "50000.00",
    "tenure_months": null,
    "interest_rate": null,
    "emi": null,
    "loan_purpose": null,
    "bank_name": null,
    "bank_type": null,
    "account_number": null,
    "ifsc_code": null,
    "status": "New Entry",
    "created_at": "2026-03-09T10:49:36.584Z",
    "updated_at": "2026-03-09T10:49:36.584Z"
  }
},
{
  "model": "core.loanapplication",
  "pk": 1,
  "fields": {
    "applicant": 1,
    "status": "Waiting for Processing",
    "assigned_agent": null,
    "assigned_employee": 25,
    "assigned_at": "2026-01-17T09:16:05.541Z",
    "assigned_by": 4,
    "approved_by": null,
    "approval_notes": null,
    "approved_at": null,
    "rejected_by": null,
    "rejection_reason": null,
    "rejected_at": null,
    "follow_up_scheduled_at": "2026-01-17T05:26:24.866Z",
    "follow_up_notified_at": null,
    "follow_up_count": 1,
    "disbursed_by": null,
    "disbursed_at": null,
    "disbursement_amount": null,
    "created_at": "2026-01-04T06:14:54.957Z",
    "updated_at": "2026-01-17T09:16:05.541Z"
  }
},
{
  "model": "core.loanapplication",
  "pk": 2,
  "fields": {
    "applicant": 2,
    "status": "Waiting for Processing",
    "assigned_agent": null,
    "assigned_employee": 39,
    "assigned_at": null,
    "assigned_by": null,
    "approved_by": null,
    "approval_notes": null,
    "approved_at": null,
    "rejected_by": null,
    "rejection_reason": null,
    "rejected_at": null,
    "follow_up_scheduled_at": null,
    "follow_up_notified_at": null,
    "follow_up_count": 0,
    "disbursed_by": null,
    "disbursed_at": null,
    "disbursement_amount": null,
    "created_at": "2026-01-04T06:19:18.028Z",
    "updated_at": "2026-02-10T05:25:14.877Z"
  }
},
{
  "model": "core.loanapplication",
  "pk": 3,
  "fields": {
    "applicant": 3,
    "status": "Approved",
    "assigned_agent": null,
    "assigned_employee": 24,
    "assigned_at": "2026-01-07T12:51:21.124Z",
    "assigned_by": 4,
    "approved_by": 4,
    "approval_notes": "",
    "approved_at": "2026-01-12T08:19:13.629Z",
    "rejected_by": null,
    "rejection_reason": null,
    "rejected_at": null,
    "follow_up_scheduled_at": null,
    "follow_up_notified_at": null,
    "follow_up_count": 0,
    "disbursed_by": null,
    "disbursed_at": null,
    "disbursement_amount": null,
    "created_at": "2026-01-04T06:24:00.748Z",
    "updated_at": "2026-01-12T08:19:13.629Z"
  }
},
{
  "model": "core.loanapplication",
  "pk": 4,
  "fields": {
    "applicant": 4,
    "status": "Approved",
    "assigned_agent": null,
    "assigned_employee": null,
    "assigned_at": "2026-01-04T07:40:50.597Z",
    "assigned_by": 4,
    "approved_by": 4,
    "approval_notes": "done",
    "approved_at": "2026-01-05T09:11:50.922Z",
    "rejected_by": null,
    "rejection_reason": null,
    "rejected_at": null,
    "follow_up_scheduled_at": null,
    "follow_up_notified_at": null,
    "follow_up_count": 0,
    "disbursed_by": null,
    "disbursed_at": null,
    "disbursement_amount": null,
    "created_at": "2026-01-04T06:41:43.264Z",
    "updated_at": "2026-01-05T09:11:50.922Z"
  }
},
{
  "model": "core.loanapplication",
  "pk": 5,
  "fields": {
    "applicant": 5,
    "status": "Approved",
    "assigned_agent": null,
    "assigned_employee": null,
    "assigned_at": "2026-01-04T07:17:07.100Z",
    "assigned_by": 4,
    "approved_by": 4,
    "approval_notes": "",
    "approved_at": "2026-01-05T09:23:47.719Z",
    "rejected_by": null,
    "rejection_reason": null,
    "rejected_at": null,
    "follow_up_scheduled_at": null,
    "follow_up_notified_at": null,
    "follow_up_count": 0,
    "disbursed_by": null,
    "disbursed_at": null,
    "disbursement_amount": null,
    "created_at": "2026-01-04T06:46:23.103Z",
    "updated_at": "2026-01-05T09:23:47.719Z"
  }
},
{
  "model": "core.loanapplication",
  "pk": 6,
  "fields": {
    "applicant": 6,
    "status": "Approved",
    "assigned_agent": null,
    "assigned_employee": null,
    "assigned_at": "2026-01-04T07:06:01.888Z",
    "assigned_by": 10,
    "approved_by": null,
    "approval_notes": "Application meets all requirements",
    "approved_at": "2026-01-04T07:06:02.001Z",
    "rejected_by": null,
    "rejection_reason": null,
    "rejected_at": null,
    "follow_up_scheduled_at": null,
    "follow_up_notified_at": null,
    "follow_up_count": 0,
    "disbursed_by": null,
    "disbursed_at": null,
    "disbursement_amount": null,
    "created_at": "2026-01-04T07:06:01.781Z",
    "updated_at": "2026-01-04T07:06:02.001Z"
  }
},
{
  "model": "core.loanapplication",
  "pk": 7,
  "fields": {
    "applicant": 8,
    "status": "Approved",
    "assigned_agent": 11,
    "assigned_employee": 44,
    "assigned_at": "2026-03-08T09:22:26.928Z",
    "assigned_by": null,
    "approved_by": 44,
    "approval_notes": "done\nBank Remark: Bank Details: bank name-Borada\nifsc no-152525\nRemark: done",
    "approved_at": "2026-03-09T06:48:12.017Z",
    "rejected_by": null,
    "rejection_reason": null,
    "rejected_at": null,
    "follow_up_scheduled_at": null,
    "follow_up_notified_at": null,
    "follow_up_count": 0,
    "disbursed_by": null,
    "disbursed_at": null,
    "disbursement_amount": null,
    "created_at": "2026-03-08T13:11:38.720Z",
    "updated_at": "2026-03-09T06:48:12.017Z"
  }
},
{
  "model": "core.loanapplication",
  "pk": 8,
  "fields": {
    "applicant": 9,
    "status": "Approved",
    "assigned_agent": null,
    "assigned_employee": 44,
    "assigned_at": "2026-03-09T06:15:55.522Z",
    "assigned_by": 46,
    "approved_by": null,
    "approval_notes": null,
    "approved_at": null,
    "rejected_by": null,
    "rejection_reason": null,
    "rejected_at": null,
    "follow_up_scheduled_at": null,
    "follow_up_notified_at": null,
    "follow_up_count": 0,
    "disbursed_by": null,
    "disbursed_at": null,
    "disbursement_amount": null,
    "created_at": "2026-03-09T05:50:37.673Z",
    "updated_at": "2026-03-09T06:18:45.756Z"
  }
},
{
  "model": "core.loanapplication",
  "pk": 9,
  "fields": {
    "applicant": 10,
    "status": "New Entry",
    "assigned_agent": 11,
    "assigned_employee": null,
    "assigned_at": null,
    "assigned_by": null,
    "approved_by": null,
    "approval_notes": null,
    "approved_at": null,
    "rejected_by": null,
    "rejection_reason": null,
    "rejected_at": null,
    "follow_up_scheduled_at": null,
    "follow_up_notified_at": null,
    "follow_up_count": 0,
    "disbursed_by": null,
    "disbursed_at": null,
    "disbursement_amount": null,
    "created_at": "2026-03-09T08:21:11.700Z",
    "updated_at": "2026-03-09T08:21:11.700Z"
  }
},
{
  "model": "core.loanapplication",
  "pk": 10,
  "fields": {
    "applicant": 11,
    "status": "Waiting for Processing",
    "assigned_agent": null,
    "assigned_employee": 25,
    "assigned_at": "2026-02-10T10:21:59.487Z",
    "assigned_by": null,
    "approved_by": null,
    "approval_notes": null,
    "approved_at": null,
    "rejected_by": null,
    "rejection_reason": null,
    "rejected_at": null,
    "follow_up_scheduled_at": null,
    "follow_up_notified_at": null,
    "follow_up_count": 0,
    "disbursed_by": null,
    "disbursed_at": null,
    "disbursement_amount": null,
    "created_at": "2026-03-09T10:48:51.690Z",
    "updated_at": "2026-03-09T10:48:51.690Z"
  }
},
{
  "model": "core.loanapplication",
  "pk": 11,
  "fields": {
    "applicant": 12,
    "status": "Waiting for Processing",
    "assigned_agent": null,
    "assigned_employee": 25,
    "assigned_at": "2026-02-10T10:21:59.487Z",
    "assigned_by": null,
    "approved_by": null,
    "approval_notes": null,
    "approved_at": null,
    "rejected_by": null,
    "rejection_reason": null,
    "rejected_at": null,
    "follow_up_scheduled_at": null,
    "follow_up_notified_at": null,
    "follow_up_count": 0,
    "disbursed_by": null,
    "disbursed_at": null,
    "disbursement_amount": null,
    "created_at": "2026-03-09T10:48:57.586Z",
    "updated_at": "2026-03-09T10:48:57.586Z"
  }
},
{
  "model": "core.loanapplication",
  "pk": 12,
  "fields": {
    "applicant": 13,
    "status": "Waiting for Processing",
    "assigned_agent": null,
    "assigned_employee": 25,
    "assigned_at": "2026-02-10T10:21:59.487Z",
    "assigned_by": null,
    "approved_by": null,
    "approval_notes": null,
    "approved_at": null,
    "rejected_by": null,
    "rejection_reason": null,
    "rejected_at": null,
    "follow_up_scheduled_at": null,
    "follow_up_notified_at": null,
    "follow_up_count": 0,
    "disbursed_by": null,
    "disbursed_at": null,
    "disbursement_amount": null,
    "created_at": "2026-03-09T10:49:05.671Z",
    "updated_at": "2026-03-09T10:49:05.671Z"
  }
},
{
  "model": "core.loanapplication",
  "pk": 13,
  "fields": {
    "applicant": 14,
    "status": "Rejected",
    "assigned_agent": null,
    "assigned_employee": 25,
    "assigned_at": null,
    "assigned_by": null,
    "approved_by": null,
    "approval_notes": null,
    "approved_at": null,
    "rejected_by": null,
    "rejection_reason": null,
    "rejected_at": null,
    "follow_up_scheduled_at": null,
    "follow_up_notified_at": null,
    "follow_up_count": 0,
    "disbursed_by": null,
    "disbursed_at": null,
    "disbursement_amount": null,
    "created_at": "2026-03-09T10:49:20.614Z",
    "updated_at": "2026-03-09T10:49:20.614Z"
  }
},
{
  "model": "core.loanapplication",
  "pk": 14,
  "fields": {
    "applicant": 15,
    "status": "Rejected",
    "assigned_agent": null,
    "assigned_employee": 25,
    "assigned_at": null,
    "assigned_by": null,
    "approved_by": null,
    "approval_notes": null,
    "approved_at": null,
    "rejected_by": null,
    "rejection_reason": null,
    "rejected_at": null,
    "follow_up_scheduled_at": null,
    "follow_up_notified_at": null,
    "follow_up_count": 0,
    "disbursed_by": null,
    "disbursed_at": null,
    "disbursement_amount": null,
    "created_at": "2026-03-09T10:49:36.659Z",
    "updated_at": "2026-03-09T10:49:36.659Z"
  }
},
{
  "model": "core.applicantdocument",
  "pk": 1,
  "fields": {
    "loan_application": 1,
    "document_type": "photo",
    "file": "applicant_documents/2026/01/04/SaveClip.App_574398431_17869374600466737_1556664919160728817_n.jpg",
    "is_required": true,
    "uploaded_at": "2026-01-04T06:14:55.037Z"
  }
},
{
  "model": "core.applicantdocument",
  "pk": 2,
  "fields": {
    "loan_application": 1,
    "document_type": "pan_front",
    "file": "applicant_documents/2026/01/04/Screenshot_2025-12-27_110757.png",
    "is_required": true,
    "uploaded_at": "2026-01-04T06:14:55.104Z"
  }
},
{
  "model": "core.applicantdocument",
  "pk": 3,
  "fields": {
    "loan_application": 1,
    "document_type": "pan_back",
    "file": "applicant_documents/2026/01/04/Screenshot_2025-12-27_110757_xY4NNWT.png",
    "is_required": true,
    "uploaded_at": "2026-01-04T06:14:55.168Z"
  }
},
{
  "model": "core.applicantdocument",
  "pk": 4,
  "fields": {
    "loan_application": 1,
    "document_type": "aadhaar_front",
    "file": "applicant_documents/2026/01/04/signin-desktop-photography-login.jpg",
    "is_required": true,
    "uploaded_at": "2026-01-04T06:14:55.232Z"
  }
},
{
  "model": "core.applicantdocument",
  "pk": 5,
  "fields": {
    "loan_application": 1,
    "document_type": "aadhaar_back",
    "file": "applicant_documents/2026/01/04/1_loStqVykVYTM9fBPlr0WyQ.png",
    "is_required": true,
    "uploaded_at": "2026-01-04T06:14:55.316Z"
  }
},
{
  "model": "core.applicantdocument",
  "pk": 6,
  "fields": {
    "loan_application": 1,
    "document_type": "permanent_address",
    "file": "applicant_documents/2026/01/04/Screenshot_2025-12-24_180950.png",
    "is_required": true,
    "uploaded_at": "2026-01-04T06:14:55.381Z"
  }
},
{
  "model": "core.applicantdocument",
  "pk": 7,
  "fields": {
    "loan_application": 1,
    "document_type": "current_address",
    "file": "applicant_documents/2026/01/04/Screenshot_2026-01-03_113133.png",
    "is_required": false,
    "uploaded_at": "2026-01-04T06:14:55.444Z"
  }
},
{
  "model": "core.applicantdocument",
  "pk": 8,
  "fields": {
    "loan_application": 2,
    "document_type": "photo",
    "file": "applicant_documents/2026/01/04/SaveClip.App_574398431_17869374600466737_1556664919160728_CMX1KKt.jpg",
    "is_required": true,
    "uploaded_at": "2026-01-04T06:19:18.106Z"
  }
},
{
  "model": "core.applicantdocument",
  "pk": 9,
  "fields": {
    "loan_application": 2,
    "document_type": "pan_front",
    "file": "applicant_documents/2026/01/04/Screenshot_2025-12-27_110757_4E179PM.png",
    "is_required": true,
    "uploaded_at": "2026-01-04T06:19:18.185Z"
  }
},
{
  "model": "core.applicantdocument",
  "pk": 10,
  "fields": {
    "loan_application": 2,
    "document_type": "pan_back",
    "file": "applicant_documents/2026/01/04/Screenshot_2025-12-27_110757_zydkeof.png",
    "is_required": true,
    "uploaded_at": "2026-01-04T06:19:18.258Z"
  }
},
{
  "model": "core.applicantdocument",
  "pk": 11,
  "fields": {
    "loan_application": 2,
    "document_type": "aadhaar_front",
    "file": "applicant_documents/2026/01/04/signin-desktop-photography-login_Hh1L2VV.jpg",
    "is_required": true,
    "uploaded_at": "2026-01-04T06:19:18.340Z"
  }
},
{
  "model": "core.applicantdocument",
  "pk": 12,
  "fields": {
    "loan_application": 2,
    "document_type": "aadhaar_back",
    "file": "applicant_documents/2026/01/04/1_loStqVykVYTM9fBPlr0WyQ_0GRbr2p.png",
    "is_required": true,
    "uploaded_at": "2026-01-04T06:19:18.421Z"
  }
},
{
  "model": "core.applicantdocument",
  "pk": 13,
  "fields": {
    "loan_application": 2,
    "document_type": "permanent_address",
    "file": "applicant_documents/2026/01/04/Screenshot_2025-12-24_180950_iMKsLhs.png",
    "is_required": true,
    "uploaded_at": "2026-01-04T06:19:18.518Z"
  }
},
{
  "model": "core.applicantdocument",
  "pk": 14,
  "fields": {
    "loan_application": 2,
    "document_type": "current_address",
    "file": "applicant_documents/2026/01/04/Screenshot_2026-01-03_113133_gpnrV71.png",
    "is_required": false,
    "uploaded_at": "2026-01-04T06:19:18.599Z"
  }
},
{
  "model": "core.applicantdocument",
  "pk": 15,
  "fields": {
    "loan_application": 3,
    "document_type": "photo",
    "file": "applicant_documents/2026/01/04/SaveClip.App_575276842_17869374642466737_4563488723414976934_n.jpg",
    "is_required": true,
    "uploaded_at": "2026-01-04T06:24:00.826Z"
  }
},
{
  "model": "core.applicantdocument",
  "pk": 16,
  "fields": {
    "loan_application": 3,
    "document_type": "pan_front",
    "file": "applicant_documents/2026/01/04/signin-desktop-photography-login_V9z9DWs.jpg",
    "is_required": true,
    "uploaded_at": "2026-01-04T06:24:00.906Z"
  }
},
{
  "model": "core.applicantdocument",
  "pk": 17,
  "fields": {
    "loan_application": 3,
    "document_type": "pan_back",
    "file": "applicant_documents/2026/01/04/Screenshot_2025-12-24_182006.png",
    "is_required": true,
    "uploaded_at": "2026-01-04T06:24:00.987Z"
  }
},
{
  "model": "core.applicantdocument",
  "pk": 18,
  "fields": {
    "loan_application": 3,
    "document_type": "aadhaar_front",
    "file": "applicant_documents/2026/01/04/1_loStqVykVYTM9fBPlr0WyQ_gsEb2hb.png",
    "is_required": true,
    "uploaded_at": "2026-01-04T06:24:01.068Z"
  }
},
{
  "model": "core.applicantdocument",
  "pk": 19,
  "fields": {
    "loan_application": 3,
    "document_type": "aadhaar_back",
    "file": "applicant_documents/2026/01/04/Screenshot_2025-12-30_112912.png",
    "is_required": true,
    "uploaded_at": "2026-01-04T06:24:01.148Z"
  }
},
{
  "model": "core.applicantdocument",
  "pk": 20,
  "fields": {
    "loan_application": 3,
    "document_type": "permanent_address",
    "file": "applicant_documents/2026/01/04/SalarySlip_SLIP-3-122025-1.pdf",
    "is_required": true,
    "uploaded_at": "2026-01-04T06:24:01.238Z"
  }
},
{
  "model": "core.applicantdocument",
  "pk": 21,
  "fields": {
    "loan_application": 3,
    "document_type": "current_address",
    "file": "applicant_documents/2026/01/04/SalarySlip_SLIP-3-122025-1_5Sgdqeg.pdf",
    "is_required": false,
    "uploaded_at": "2026-01-04T06:24:01.311Z"
  }
},
{
  "model": "core.applicantdocument",
  "pk": 22,
  "fields": {
    "loan_application": 4,
    "document_type": "photo",
    "file": "applicant_documents/2026/01/04/SaveClip.App_582692921_18077152016334400_8377166389869983600_n.jpg",
    "is_required": true,
    "uploaded_at": "2026-01-04T06:41:43.378Z"
  }
},
{
  "model": "core.applicantdocument",
  "pk": 23,
  "fields": {
    "loan_application": 4,
    "document_type": "pan_front",
    "file": "applicant_documents/2026/01/04/Screenshot_2026-01-03_162104.png",
    "is_required": true,
    "uploaded_at": "2026-01-04T06:41:43.488Z"
  }
},
{
  "model": "core.applicantdocument",
  "pk": 24,
  "fields": {
    "loan_application": 4,
    "document_type": "pan_back",
    "file": "applicant_documents/2026/01/04/Screenshot_2026-01-03_113133_CMJcSVW.png",
    "is_required": true,
    "uploaded_at": "2026-01-04T06:41:43.587Z"
  }
},
{
  "model": "core.applicantdocument",
  "pk": 25,
  "fields": {
    "loan_application": 4,
    "document_type": "aadhaar_front",
    "file": "applicant_documents/2026/01/04/Screenshot_2026-01-03_113133_F743JJD.png",
    "is_required": true,
    "uploaded_at": "2026-01-04T06:41:43.667Z"
  }
},
{
  "model": "core.applicantdocument",
  "pk": 26,
  "fields": {
    "loan_application": 4,
    "document_type": "aadhaar_back",
    "file": "applicant_documents/2026/01/04/Screenshot_2026-01-03_113133_dFqcndr.png",
    "is_required": true,
    "uploaded_at": "2026-01-04T06:41:43.740Z"
  }
},
{
  "model": "core.applicantdocument",
  "pk": 27,
  "fields": {
    "loan_application": 4,
    "document_type": "permanent_address",
    "file": "applicant_documents/2026/01/04/Screenshot_2026-01-03_162104_WAlnZR7.png",
    "is_required": true,
    "uploaded_at": "2026-01-04T06:41:43.837Z"
  }
},
{
  "model": "core.applicantdocument",
  "pk": 28,
  "fields": {
    "loan_application": 5,
    "document_type": "photo",
    "file": "applicant_documents/2026/01/04/SaveClip.App_574398431_17869374600466737_1556664919160728_SwZiD75.jpg",
    "is_required": true,
    "uploaded_at": "2026-01-04T06:46:23.181Z"
  }
},
{
  "model": "core.applicantdocument",
  "pk": 29,
  "fields": {
    "loan_application": 5,
    "document_type": "pan_front",
    "file": "applicant_documents/2026/01/04/Screenshot_2026-01-03_162104_ndUy37M.png",
    "is_required": true,
    "uploaded_at": "2026-01-04T06:46:23.262Z"
  }
},
{
  "model": "core.applicantdocument",
  "pk": 30,
  "fields": {
    "loan_application": 5,
    "document_type": "pan_back",
    "file": "applicant_documents/2026/01/04/Screenshot_2026-01-03_113133_5pVe8K3.png",
    "is_required": true,
    "uploaded_at": "2026-01-04T06:46:23.351Z"
  }
},
{
  "model": "core.applicantdocument",
  "pk": 31,
  "fields": {
    "loan_application": 5,
    "document_type": "aadhaar_front",
    "file": "applicant_documents/2026/01/04/signin-desktop-photography-login_DHMxFbv.jpg",
    "is_required": true,
    "uploaded_at": "2026-01-04T06:46:23.449Z"
  }
},
{
  "model": "core.applicantdocument",
  "pk": 32,
  "fields": {
    "loan_application": 5,
    "document_type": "aadhaar_back",
    "file": "applicant_documents/2026/01/04/Screenshot_2025-12-24_182006_oLutKs6.png",
    "is_required": true,
    "uploaded_at": "2026-01-04T06:46:23.535Z"
  }
},
{
  "model": "core.applicantdocument",
  "pk": 33,
  "fields": {
    "loan_application": 5,
    "document_type": "permanent_address",
    "file": "applicant_documents/2026/01/04/Screenshot_2026-01-03_113133_7R8VAL5.png",
    "is_required": true,
    "uploaded_at": "2026-01-04T06:46:23.618Z"
  }
},
{
  "model": "core.employeeprofile",
  "pk": 1,
  "fields": {
    "user": 49,
    "employee_role": "loan_processor",
    "total_leads": 0,
    "approved_loans": 0,
    "rejected_loans": 0,
    "total_disbursed_amount": "0.00",
    "assigned_loans_count": 0,
    "last_activity": null,
    "notes": "[subadmin:31]",
    "created_at": "2026-03-09T09:08:08.291Z",
    "updated_at": "2026-03-09T09:08:08.293Z"
  }
},
{
  "model": "core.loanstatushistory",
  "pk": 1,
  "fields": {
    "loan_application": 8,
    "from_status": "new_entry",
    "to_status": "waiting",
    "changed_by": 46,
    "changed_at": "2026-03-09T06:15:55.924Z",
    "reason": "Assigned to Employee Test by admin",
    "is_auto_triggered": false
  }
},
{
  "model": "core.loanstatushistory",
  "pk": 2,
  "fields": {
    "loan_application": 7,
    "from_status": "follow_up",
    "to_status": "approved",
    "changed_by": 44,
    "changed_at": "2026-03-09T06:48:12.327Z",
    "reason": "done\nBank Remark: Bank Details: bank name-Borada\nifsc no-152525\nRemark: done",
    "is_auto_triggered": false
  }
}
]
